Local time,Open,High,Low,Close,Volume,Ticker
01.01.2020 14:00:00.000 GMT-0800,83.794,83.794,83.778,0.83782,11.25,CADJPY
01.01.2020 14:30:00.000 GMT-0800,83.766,83.769,83.763,0.83765,24.3,CADJPY
01.01.2020 15:00:00.000 GMT-0800,83.721,83.764,83.697,0.83715,222.78,CADJPY
01.01.2020 15:30:00.000 GMT-0800,83.766,83.778,83.765,0.83778,62.06,CADJPY
01.01.2020 16:00:00.000 GMT-0800,83.799,83.809,83.787,0.83787,144.62,CADJPY
01.01.2020 16:30:00.000 GMT-0800,83.75,83.75,83.749,0.83749,6.37,CADJPY
01.01.2020 17:00:00.000 GMT-0800,83.772,83.784,83.772,0.83782,103.23,CADJPY
01.01.2020 17:30:00.000 GMT-0800,83.756,83.76,83.755,0.83758,60.22,CADJPY
01.01.2020 18:00:00.000 GMT-0800,83.771,83.771,83.755,0.83761,62.18,CADJPY
01.01.2020 18:30:00.000 GMT-0800,83.769,83.777,83.769,0.83774,45.1,CADJPY
01.01.2020 19:00:00.000 GMT-0800,83.741,83.748,83.741,0.83742,96.2,CADJPY
01.01.2020 19:30:00.000 GMT-0800,83.734,83.735,83.725,0.83728,62.61,CADJPY
01.01.2020 20:00:00.000 GMT-0800,83.709,83.711,83.707,0.83708,14.3,CADJPY
01.01.2020 20:30:00.000 GMT-0800,83.718,83.724,83.718,0.83719,41,CADJPY
01.01.2020 21:00:00.000 GMT-0800,83.702,83.706,83.699,0.83706,42,CADJPY
01.01.2020 21:30:00.000 GMT-0800,83.692,83.705,83.691,0.83705,84.51,CADJPY
01.01.2020 22:00:00.000 GMT-0800,83.726,83.734,83.725,0.83729,48.41,CADJPY
01.01.2020 22:30:00.000 GMT-0800,83.739,83.74,83.738,0.8374,4,CADJPY
01.01.2020 23:00:00.000 GMT-0800,83.726,83.736,83.711,0.83735,150.94,CADJPY
01.01.2020 23:30:00.000 GMT-0800,83.739,83.761,83.739,0.83761,81.4,CADJPY
02.01.2020 00:00:00.000 GMT-0800,83.775,83.778,83.762,0.83762,151.18,CADJPY
02.01.2020 00:30:00.000 GMT-0800,83.875,83.876,83.871,0.83871,36,CADJPY
02.01.2020 01:00:00.000 GMT-0800,83.86,83.866,83.856,0.83861,110.45,CADJPY
02.01.2020 01:30:00.000 GMT-0800,83.895,83.895,83.881,0.83884,63.96,CADJPY
02.01.2020 02:00:00.000 GMT-0800,83.849,83.85,83.843,0.83845,52.6,CADJPY
02.01.2020 02:30:00.000 GMT-0800,83.79,83.791,83.775,0.83776,120.48,CADJPY
02.01.2020 03:00:00.000 GMT-0800,83.756,83.757,83.751,0.83754,62.81,CADJPY
02.01.2020 03:30:00.000 GMT-0800,83.692,83.694,83.683,0.83688,91.01,CADJPY
02.01.2020 04:00:00.000 GMT-0800,83.65,83.652,83.644,0.83646,51.13,CADJPY
02.01.2020 04:30:00.000 GMT-0800,83.709,83.715,83.706,0.83711,55,CADJPY
02.01.2020 05:00:00.000 GMT-0800,83.734,83.736,83.725,0.83727,63.25,CADJPY
02.01.2020 05:30:00.000 GMT-0800,83.624,83.659,83.609,0.83658,178.11,CADJPY
02.01.2020 06:00:00.000 GMT-0800,83.658,83.664,83.651,0.83654,112.49,CADJPY
02.01.2020 06:30:00.000 GMT-0800,83.623,83.627,83.6,0.83614,165.88,CADJPY
02.01.2020 07:00:00.000 GMT-0800,83.614,83.624,83.609,0.83612,88.57,CADJPY
02.01.2020 07:30:00.000 GMT-0800,83.451,83.452,83.427,0.83431,195.34,CADJPY
02.01.2020 08:00:00.000 GMT-0800,83.427,83.433,83.408,0.8343,196.63,CADJPY
02.01.2020 08:30:00.000 GMT-0800,83.442,83.442,83.427,0.83434,102.37,CADJPY
02.01.2020 09:00:00.000 GMT-0800,83.426,83.435,83.413,0.83418,124.51,CADJPY
02.01.2020 09:30:00.000 GMT-0800,83.48,83.486,83.48,0.83482,51.61,CADJPY
02.01.2020 10:00:00.000 GMT-0800,83.509,83.514,83.489,0.83491,80.56,CADJPY
02.01.2020 10:30:00.000 GMT-0800,83.514,83.523,83.514,0.83522,94.2,CADJPY
02.01.2020 11:00:00.000 GMT-0800,83.538,83.539,83.532,0.83539,31.17,CADJPY
02.01.2020 11:30:00.000 GMT-0800,83.602,83.605,83.597,0.83604,86.1,CADJPY
02.01.2020 12:00:00.000 GMT-0800,83.565,83.575,83.564,0.83573,127.49,CADJPY
02.01.2020 12:30:00.000 GMT-0800,83.566,83.581,83.564,0.83567,82.87,CADJPY
02.01.2020 13:00:00.000 GMT-0800,83.59,83.594,83.582,0.83584,70.78,CADJPY
02.01.2020 13:30:00.000 GMT-0800,83.562,83.569,83.561,0.83569,15.5,CADJPY
02.01.2020 14:00:00.000 GMT-0800,83.627,83.684,83.612,0.83619,21.66,CADJPY
02.01.2020 14:30:00.000 GMT-0800,83.629,83.63,83.591,0.8362,92.57,CADJPY
02.01.2020 15:00:00.000 GMT-0800,83.616,83.616,83.597,0.83607,83.74,CADJPY
02.01.2020 15:30:00.000 GMT-0800,83.653,83.669,83.653,0.83668,79.41,CADJPY
02.01.2020 16:00:00.000 GMT-0800,83.602,83.602,83.588,0.83593,99.82,CADJPY
02.01.2020 16:30:00.000 GMT-0800,83.575,83.576,83.57,0.83571,62.76,CADJPY
02.01.2020 17:00:00.000 GMT-0800,83.499,83.524,83.499,0.83524,158.02,CADJPY
02.01.2020 17:30:00.000 GMT-0800,83.528,83.528,83.523,0.83528,66.87,CADJPY
02.01.2020 18:00:00.000 GMT-0800,83.351,83.355,83.334,0.83342,188.63,CADJPY
02.01.2020 18:30:00.000 GMT-0800,83.28,83.292,83.278,0.83283,271.93,CADJPY
02.01.2020 19:00:00.000 GMT-0800,83.201,83.21,83.196,0.83201,132.75,CADJPY
02.01.2020 19:30:00.000 GMT-0800,83.119,83.133,83.119,0.83132,53.17,CADJPY
02.01.2020 20:00:00.000 GMT-0800,83.263,83.281,83.263,0.83271,206.21,CADJPY
02.01.2020 20:30:00.000 GMT-0800,83.269,83.271,83.262,0.83267,61.25,CADJPY
02.01.2020 21:00:00.000 GMT-0800,83.224,83.228,83.218,0.83227,69,CADJPY
02.01.2020 21:30:00.000 GMT-0800,83.192,83.197,83.186,0.83197,119.77,CADJPY
02.01.2020 22:00:00.000 GMT-0800,83.211,83.216,83.203,0.83205,74.85,CADJPY
02.01.2020 22:30:00.000 GMT-0800,83.216,83.235,83.216,0.83229,115.75,CADJPY
02.01.2020 23:00:00.000 GMT-0800,83.275,83.275,83.249,0.83251,164.55,CADJPY
02.01.2020 23:30:00.000 GMT-0800,83.226,83.232,83.214,0.83219,178.75,CADJPY
03.01.2020 00:00:00.000 GMT-0800,83.27,83.28,83.248,0.83275,427.05,CADJPY
03.01.2020 00:30:00.000 GMT-0800,83.304,83.308,83.301,0.83305,64.57,CADJPY
03.01.2020 01:00:00.000 GMT-0800,83.257,83.259,83.218,0.83229,187.19,CADJPY
03.01.2020 01:30:00.000 GMT-0800,83.244,83.246,83.225,0.83229,128.19,CADJPY
03.01.2020 02:00:00.000 GMT-0800,83.236,83.267,83.236,0.8326,198.49,CADJPY
03.01.2020 02:30:00.000 GMT-0800,83.243,83.247,83.234,0.83241,173.75,CADJPY
03.01.2020 03:00:00.000 GMT-0800,83.2,83.212,83.191,0.83204,160.63,CADJPY
03.01.2020 03:30:00.000 GMT-0800,83.158,83.16,83.137,0.83144,91.03,CADJPY
03.01.2020 04:00:00.000 GMT-0800,83.089,83.103,83.088,0.83088,103.95,CADJPY
03.01.2020 04:30:00.000 GMT-0800,83.152,83.17,83.149,0.8317,95.68,CADJPY
03.01.2020 05:00:00.000 GMT-0800,83.189,83.229,83.189,0.83229,92.94,CADJPY
03.01.2020 05:30:00.000 GMT-0800,83.266,83.269,83.262,0.83268,78.81,CADJPY
03.01.2020 06:00:00.000 GMT-0800,83.259,83.275,83.252,0.83274,166.41,CADJPY
03.01.2020 06:30:00.000 GMT-0800,83.248,83.297,83.244,0.83297,248.36,CADJPY
03.01.2020 07:00:00.000 GMT-0800,83.309,83.309,83.172,0.83226,914.17,CADJPY
03.01.2020 07:30:00.000 GMT-0800,83.213,83.22,83.205,0.83214,140.52,CADJPY
03.01.2020 08:00:00.000 GMT-0800,83.224,83.231,83.207,0.83214,193.19,CADJPY
03.01.2020 08:30:00.000 GMT-0800,83.171,83.182,83.163,0.83182,147.04,CADJPY
03.01.2020 09:00:00.000 GMT-0800,83.133,83.133,83.126,0.83131,37.47,CADJPY
03.01.2020 09:30:00.000 GMT-0800,83.103,83.106,83.1,0.83104,62.03,CADJPY
03.01.2020 10:00:00.000 GMT-0800,83.156,83.156,83.142,0.83144,55.66,CADJPY
03.01.2020 10:30:00.000 GMT-0800,83.087,83.094,83.085,0.8309,109.2,CADJPY
03.01.2020 11:00:00.000 GMT-0800,83.177,83.193,83.169,0.83177,112.32,CADJPY
03.01.2020 11:30:00.000 GMT-0800,83.153,83.156,83.151,0.83155,57.93,CADJPY
03.01.2020 12:00:00.000 GMT-0800,83.144,83.154,83.14,0.83141,62.84,CADJPY
03.01.2020 12:30:00.000 GMT-0800,83.182,83.186,83.179,0.83184,65.1,CADJPY
03.01.2020 13:00:00.000 GMT-0800,83.224,83.249,83.22,0.83246,74.45,CADJPY
03.01.2020 13:30:00.000 GMT-0800,83.213,83.215,83.203,0.83204,39.24,CADJPY
05.01.2020 14:00:00.000 GMT-0800,83.083,83.083,83.064,0.83074,10.5,CADJPY
05.01.2020 14:30:00.000 GMT-0800,83.102,83.102,83.086,0.83086,28.83,CADJPY
05.01.2020 15:00:00.000 GMT-0800,83.015,83.027,82.985,0.82992,284.49,CADJPY
05.01.2020 15:30:00.000 GMT-0800,83.011,83.036,83.011,0.83025,149.59,CADJPY
05.01.2020 16:00:00.000 GMT-0800,83.127,83.166,83.127,0.83134,406.09,CADJPY
05.01.2020 16:30:00.000 GMT-0800,83.227,83.228,83.217,0.83219,92.19,CADJPY
05.01.2020 17:00:00.000 GMT-0800,83.264,83.279,83.26,0.83272,211.26,CADJPY
05.01.2020 17:30:00.000 GMT-0800,83.266,83.266,83.255,0.8326,115.34,CADJPY
05.01.2020 18:00:00.000 GMT-0800,83.16,83.162,83.149,0.83152,112.62,CADJPY
05.01.2020 18:30:00.000 GMT-0800,83.232,83.233,83.224,0.83231,118.73,CADJPY
05.01.2020 19:00:00.000 GMT-0800,83.242,83.248,83.239,0.83248,51.35,CADJPY
05.01.2020 19:30:00.000 GMT-0800,83.239,83.24,83.238,0.83239,30,CADJPY
05.01.2020 20:00:00.000 GMT-0800,83.267,83.267,83.257,0.83258,74.13,CADJPY
05.01.2020 20:30:00.000 GMT-0800,83.303,83.303,83.296,0.83299,68.15,CADJPY
05.01.2020 21:00:00.000 GMT-0800,83.283,83.29,83.28,0.83281,88.99,CADJPY
05.01.2020 21:30:00.000 GMT-0800,83.27,83.27,83.266,0.83268,32.61,CADJPY
05.01.2020 22:00:00.000 GMT-0800,83.276,83.278,83.265,0.83267,73.38,CADJPY
05.01.2020 22:30:00.000 GMT-0800,83.214,83.214,83.209,0.83212,41.97,CADJPY
05.01.2020 23:00:00.000 GMT-0800,83.262,83.277,83.256,0.83262,150.64,CADJPY
05.01.2020 23:30:00.000 GMT-0800,83.289,83.352,83.288,0.83342,254.74,CADJPY
06.01.2020 00:00:00.000 GMT-0800,83.289,83.305,83.286,0.83298,315.4,CADJPY
06.01.2020 00:30:00.000 GMT-0800,83.207,83.208,83.197,0.83199,121.79,CADJPY
06.01.2020 01:00:00.000 GMT-0800,83.193,83.224,83.189,0.83224,227.96,CADJPY
06.01.2020 01:30:00.000 GMT-0800,83.233,83.235,83.22,0.83228,99.1,CADJPY
06.01.2020 02:00:00.000 GMT-0800,83.28,83.283,83.276,0.83276,113.95,CADJPY
06.01.2020 02:30:00.000 GMT-0800,83.296,83.306,83.296,0.83297,74.26,CADJPY
06.01.2020 03:00:00.000 GMT-0800,83.267,83.271,83.259,0.83271,110.5,CADJPY
06.01.2020 03:30:00.000 GMT-0800,83.31,83.346,83.31,0.83344,249.56,CADJPY
06.01.2020 04:00:00.000 GMT-0800,83.296,83.316,83.292,0.83292,159.97,CADJPY
06.01.2020 04:30:00.000 GMT-0800,83.351,83.351,83.339,0.8334,50.92,CADJPY
06.01.2020 05:00:00.000 GMT-0800,83.402,83.406,83.396,0.83398,74.68,CADJPY
06.01.2020 05:30:00.000 GMT-0800,83.323,83.332,83.316,0.83331,156.6,CADJPY
06.01.2020 06:00:00.000 GMT-0800,83.359,83.359,83.313,0.83331,148.44,CADJPY
06.01.2020 06:30:00.000 GMT-0800,83.272,83.279,83.255,0.83279,251.69,CADJPY
06.01.2020 07:00:00.000 GMT-0800,83.257,83.266,83.253,0.83254,174.36,CADJPY
06.01.2020 07:30:00.000 GMT-0800,83.426,83.43,83.41,0.83418,167.12,CADJPY
06.01.2020 08:00:00.000 GMT-0800,83.499,83.501,83.487,0.83489,192.52,CADJPY
06.01.2020 08:30:00.000 GMT-0800,83.553,83.56,83.551,0.83558,117.95,CADJPY
06.01.2020 09:00:00.000 GMT-0800,83.591,83.594,83.583,0.83594,60.22,CADJPY
06.01.2020 09:30:00.000 GMT-0800,83.594,83.6,83.594,0.83595,48.75,CADJPY
06.01.2020 10:00:00.000 GMT-0800,83.569,83.593,83.569,0.83591,139.22,CADJPY
06.01.2020 10:30:00.000 GMT-0800,83.598,83.602,83.596,0.83598,30.54,CADJPY
06.01.2020 11:00:00.000 GMT-0800,83.573,83.574,83.561,0.83561,62.1,CADJPY
06.01.2020 11:30:00.000 GMT-0800,83.616,83.62,83.61,0.83619,96.64,CADJPY
06.01.2020 12:00:00.000 GMT-0800,83.655,83.655,83.648,0.83649,32,CADJPY
06.01.2020 12:30:00.000 GMT-0800,83.641,83.647,83.637,0.83637,109.35,CADJPY
06.01.2020 13:00:00.000 GMT-0800,83.655,83.66,83.652,0.83652,48.19,CADJPY
06.01.2020 13:30:00.000 GMT-0800,83.624,83.626,83.621,0.83621,21.67,CADJPY
06.01.2020 14:00:00.000 GMT-0800,83.6,83.613,83.544,0.83586,33.19,CADJPY
06.01.2020 14:30:00.000 GMT-0800,83.606,83.612,83.605,0.83612,35.77,CADJPY
06.01.2020 15:00:00.000 GMT-0800,83.608,83.608,83.596,0.83603,99.73,CADJPY
06.01.2020 15:30:00.000 GMT-0800,83.621,83.621,83.611,0.83616,87.97,CADJPY
06.01.2020 16:00:00.000 GMT-0800,83.633,83.634,83.616,0.83621,147.92,CADJPY
06.01.2020 16:30:00.000 GMT-0800,83.643,83.644,83.636,0.83644,134.26,CADJPY
06.01.2020 17:00:00.000 GMT-0800,83.665,83.665,83.657,0.83657,110.5,CADJPY
06.01.2020 17:30:00.000 GMT-0800,83.635,83.638,83.632,0.83636,86.09,CADJPY
06.01.2020 18:00:00.000 GMT-0800,83.664,83.666,83.657,0.83658,78.9,CADJPY
06.01.2020 18:30:00.000 GMT-0800,83.683,83.685,83.681,0.83682,86.47,CADJPY
06.01.2020 19:00:00.000 GMT-0800,83.662,83.668,83.661,0.83668,42.89,CADJPY
06.01.2020 19:30:00.000 GMT-0800,83.656,83.661,83.655,0.8366,35.52,CADJPY
06.01.2020 20:00:00.000 GMT-0800,83.664,83.665,83.651,0.83661,78.92,CADJPY
06.01.2020 20:30:00.000 GMT-0800,83.698,83.702,83.698,0.83702,8.57,CADJPY
06.01.2020 21:00:00.000 GMT-0800,83.682,83.69,83.682,0.83689,44.86,CADJPY
06.01.2020 21:30:00.000 GMT-0800,83.674,83.675,83.667,0.83669,104.51,CADJPY
06.01.2020 22:00:00.000 GMT-0800,83.612,83.623,83.61,0.83613,188.59,CADJPY
06.01.2020 22:30:00.000 GMT-0800,83.574,83.591,83.572,0.8359,108.67,CADJPY
06.01.2020 23:00:00.000 GMT-0800,83.612,83.612,83.6,0.83607,162.72,CADJPY
06.01.2020 23:30:00.000 GMT-0800,83.553,83.553,83.51,0.8351,188.1,CADJPY
07.01.2020 00:00:00.000 GMT-0800,83.486,83.51,83.479,0.83487,317.73,CADJPY
07.01.2020 00:30:00.000 GMT-0800,83.629,83.655,83.625,0.83653,184.26,CADJPY
07.01.2020 01:00:00.000 GMT-0800,83.676,83.704,83.676,0.83702,113.08,CADJPY
07.01.2020 01:30:00.000 GMT-0800,83.638,83.646,83.638,0.83643,64.75,CADJPY
07.01.2020 02:00:00.000 GMT-0800,83.629,83.629,83.617,0.83623,92.53,CADJPY
07.01.2020 02:30:00.000 GMT-0800,83.532,83.54,83.51,0.83516,189.59,CADJPY
07.01.2020 03:00:00.000 GMT-0800,83.521,83.521,83.513,0.83515,49.12,CADJPY
07.01.2020 03:30:00.000 GMT-0800,83.519,83.523,83.514,0.83515,70.25,CADJPY
07.01.2020 04:00:00.000 GMT-0800,83.491,83.516,83.49,0.83512,66.59,CADJPY
07.01.2020 04:30:00.000 GMT-0800,83.533,83.542,83.533,0.83536,49.99,CADJPY
07.01.2020 05:00:00.000 GMT-0800,83.457,83.498,83.455,0.83498,154.89,CADJPY
07.01.2020 05:30:00.000 GMT-0800,83.511,83.527,83.511,0.83513,108.76,CADJPY
07.01.2020 06:00:00.000 GMT-0800,83.375,83.378,83.363,0.83375,144.32,CADJPY
07.01.2020 06:30:00.000 GMT-0800,83.338,83.362,83.324,0.83345,308.96,CADJPY
07.01.2020 07:00:00.000 GMT-0800,83.307,83.335,83.295,0.83311,431.63,CADJPY
07.01.2020 07:30:00.000 GMT-0800,83.299,83.418,83.299,0.83378,530.82,CADJPY
07.01.2020 08:00:00.000 GMT-0800,83.454,83.457,83.438,0.83456,270.97,CADJPY
07.01.2020 08:30:00.000 GMT-0800,83.452,83.461,83.45,0.83461,82.09,CADJPY
07.01.2020 09:00:00.000 GMT-0800,83.386,83.39,83.377,0.83379,86.54,CADJPY
07.01.2020 09:30:00.000 GMT-0800,83.399,83.402,83.396,0.834,44.75,CADJPY
07.01.2020 10:00:00.000 GMT-0800,83.415,83.42,83.412,0.83416,47,CADJPY
07.01.2020 10:30:00.000 GMT-0800,83.446,83.451,83.445,0.83451,11.5,CADJPY
07.01.2020 11:00:00.000 GMT-0800,83.471,83.474,83.463,0.83463,46.43,CADJPY
07.01.2020 11:30:00.000 GMT-0800,83.475,83.475,83.467,0.8347,64.03,CADJPY
07.01.2020 12:00:00.000 GMT-0800,83.461,83.476,83.455,0.83474,76.05,CADJPY
07.01.2020 12:30:00.000 GMT-0800,83.482,83.484,83.48,0.83482,21.5,CADJPY
07.01.2020 13:00:00.000 GMT-0800,83.472,83.472,83.455,0.83463,57.93,CADJPY
07.01.2020 13:30:00.000 GMT-0800,83.453,83.455,83.412,0.8342,362.35,CADJPY
07.01.2020 14:00:00.000 GMT-0800,83.413,83.454,83.412,0.83413,18.65,CADJPY
07.01.2020 14:30:00.000 GMT-0800,83.463,83.481,83.446,0.83451,133.93,CADJPY
07.01.2020 15:00:00.000 GMT-0800,83.417,83.43,83.402,0.8342,176.08,CADJPY
07.01.2020 15:30:00.000 GMT-0800,83.134,83.142,83.117,0.83142,216.38,CADJPY
07.01.2020 16:00:00.000 GMT-0800,83.073,83.086,83.009,0.83031,512.95,CADJPY
07.01.2020 16:30:00.000 GMT-0800,82.854,82.861,82.823,0.82827,284.25,CADJPY
07.01.2020 17:00:00.000 GMT-0800,83.004,83.004,82.953,0.82953,492.93,CADJPY
07.01.2020 17:30:00.000 GMT-0800,83.019,83.027,83.006,0.83009,240.45,CADJPY
07.01.2020 18:00:00.000 GMT-0800,83.217,83.22,83.196,0.83217,258.71,CADJPY
07.01.2020 18:30:00.000 GMT-0800,83.279,83.298,83.279,0.83287,127.12,CADJPY
07.01.2020 19:00:00.000 GMT-0800,83.483,83.493,83.478,0.83481,228.76,CADJPY
07.01.2020 19:30:00.000 GMT-0800,83.442,83.458,83.418,0.83421,405.99,CADJPY
07.01.2020 20:00:00.000 GMT-0800,83.469,83.469,83.455,0.83465,128.46,CADJPY
07.01.2020 20:30:00.000 GMT-0800,83.448,83.449,83.436,0.83437,76.81,CADJPY
07.01.2020 21:00:00.000 GMT-0800,83.434,83.453,83.434,0.8345,100.96,CADJPY
07.01.2020 21:30:00.000 GMT-0800,83.452,83.458,83.443,0.83444,106.6,CADJPY
07.01.2020 22:00:00.000 GMT-0800,83.407,83.434,83.406,0.83428,155.34,CADJPY
07.01.2020 22:30:00.000 GMT-0800,83.461,83.464,83.453,0.83456,80.24,CADJPY
07.01.2020 23:00:00.000 GMT-0800,83.483,83.503,83.478,0.83485,150.65,CADJPY
07.01.2020 23:30:00.000 GMT-0800,83.453,83.498,83.45,0.83486,253.51,CADJPY
08.01.2020 00:00:00.000 GMT-0800,83.51,83.514,83.501,0.83509,254.46,CADJPY
08.01.2020 00:30:00.000 GMT-0800,83.471,83.482,83.459,0.83474,212.3,CADJPY
08.01.2020 01:00:00.000 GMT-0800,83.427,83.433,83.419,0.83427,175.77,CADJPY
08.01.2020 01:30:00.000 GMT-0800,83.407,83.414,83.403,0.83412,98.75,CADJPY
08.01.2020 02:00:00.000 GMT-0800,83.404,83.404,83.381,0.83384,108.51,CADJPY
08.01.2020 02:30:00.000 GMT-0800,83.365,83.381,83.365,0.83379,138.73,CADJPY
08.01.2020 03:00:00.000 GMT-0800,83.532,83.544,83.526,0.83532,170.93,CADJPY
08.01.2020 03:30:00.000 GMT-0800,83.564,83.58,83.563,0.83576,88.99,CADJPY
08.01.2020 04:00:00.000 GMT-0800,83.552,83.565,83.552,0.83557,63.81,CADJPY
08.01.2020 04:30:00.000 GMT-0800,83.538,83.538,83.511,0.83513,100.38,CADJPY
08.01.2020 05:00:00.000 GMT-0800,83.536,83.541,83.519,0.83519,193.53,CADJPY
08.01.2020 05:30:00.000 GMT-0800,83.576,83.597,83.575,0.83575,138.04,CADJPY
08.01.2020 06:00:00.000 GMT-0800,83.508,83.535,83.503,0.83535,165.75,CADJPY
08.01.2020 06:30:00.000 GMT-0800,83.523,83.524,83.484,0.83492,227.74,CADJPY
08.01.2020 07:00:00.000 GMT-0800,83.496,83.501,83.493,0.83497,124,CADJPY
08.01.2020 07:30:00.000 GMT-0800,83.508,83.512,83.465,0.83472,203.74,CADJPY
08.01.2020 08:00:00.000 GMT-0800,83.333,83.355,83.328,0.8335,227.51,CADJPY
08.01.2020 08:30:00.000 GMT-0800,83.549,83.549,83.47,0.8351,435.65,CADJPY
08.01.2020 09:00:00.000 GMT-0800,83.702,83.747,83.701,0.83738,280.23,CADJPY
08.01.2020 09:30:00.000 GMT-0800,83.703,83.718,83.702,0.83713,130.86,CADJPY
08.01.2020 10:00:00.000 GMT-0800,83.743,83.752,83.738,0.83752,143.05,CADJPY
08.01.2020 10:30:00.000 GMT-0800,83.755,83.764,83.754,0.83755,98.62,CADJPY
08.01.2020 11:00:00.000 GMT-0800,83.754,83.773,83.752,0.83772,108.12,CADJPY
08.01.2020 11:30:00.000 GMT-0800,83.81,83.812,83.808,0.83809,73.22,CADJPY
08.01.2020 12:00:00.000 GMT-0800,83.847,83.847,83.831,0.83844,80.08,CADJPY
08.01.2020 12:30:00.000 GMT-0800,83.817,83.821,83.816,0.83818,36.06,CADJPY
08.01.2020 13:00:00.000 GMT-0800,83.661,83.672,83.653,0.83666,117.85,CADJPY
08.01.2020 13:30:00.000 GMT-0800,83.695,83.695,83.687,0.83687,34.75,CADJPY
08.01.2020 14:00:00.000 GMT-0800,83.704,83.713,83.674,0.83687,34.94,CADJPY
08.01.2020 14:30:00.000 GMT-0800,83.691,83.693,83.69,0.8369,18.67,CADJPY
08.01.2020 15:00:00.000 GMT-0800,83.674,83.682,83.659,0.83678,145.53,CADJPY
08.01.2020 15:30:00.000 GMT-0800,83.661,83.663,83.642,0.83642,68.57,CADJPY
08.01.2020 16:00:00.000 GMT-0800,83.645,83.664,83.641,0.83663,171.47,CADJPY
08.01.2020 16:30:00.000 GMT-0800,83.779,83.786,83.775,0.83776,148.17,CADJPY
08.01.2020 17:00:00.000 GMT-0800,83.787,83.799,83.784,0.83796,205.04,CADJPY
08.01.2020 17:30:00.000 GMT-0800,83.82,83.82,83.806,0.83815,91.7,CADJPY
08.01.2020 18:00:00.000 GMT-0800,83.844,83.844,83.833,0.83838,77,CADJPY
08.01.2020 18:30:00.000 GMT-0800,83.785,83.795,83.781,0.83789,106.51,CADJPY
08.01.2020 19:00:00.000 GMT-0800,83.794,83.8,83.793,0.83795,103.02,CADJPY
08.01.2020 19:30:00.000 GMT-0800,83.752,83.755,83.743,0.83755,101.22,CADJPY
08.01.2020 20:00:00.000 GMT-0800,83.76,83.761,83.755,0.8376,111.2,CADJPY
08.01.2020 20:30:00.000 GMT-0800,83.749,83.751,83.749,0.8375,68.02,CADJPY
08.01.2020 21:00:00.000 GMT-0800,83.76,83.773,83.76,0.83773,70.39,CADJPY
08.01.2020 21:30:00.000 GMT-0800,83.78,83.783,83.775,0.83775,37.16,CADJPY
08.01.2020 22:00:00.000 GMT-0800,83.818,83.824,83.812,0.83821,149.19,CADJPY
08.01.2020 22:30:00.000 GMT-0800,83.82,83.828,83.816,0.83827,97.47,CADJPY
08.01.2020 23:00:00.000 GMT-0800,83.809,83.816,83.802,0.83802,86.34,CADJPY
08.01.2020 23:30:00.000 GMT-0800,83.798,83.811,83.798,0.83803,93.39,CADJPY
09.01.2020 00:00:00.000 GMT-0800,83.889,83.889,83.881,0.83881,120.92,CADJPY
09.01.2020 00:30:00.000 GMT-0800,83.808,83.814,83.805,0.83805,90.44,CADJPY
09.01.2020 01:00:00.000 GMT-0800,83.81,83.831,83.807,0.83816,131.43,CADJPY
09.01.2020 01:30:00.000 GMT-0800,83.83,83.838,83.828,0.83836,81.12,CADJPY
09.01.2020 02:00:00.000 GMT-0800,83.819,83.84,83.815,0.8384,138.35,CADJPY
09.01.2020 02:30:00.000 GMT-0800,83.819,83.828,83.816,0.83825,93.5,CADJPY
09.01.2020 03:00:00.000 GMT-0800,83.863,83.868,83.858,0.83865,120.12,CADJPY
09.01.2020 03:30:00.000 GMT-0800,83.855,83.855,83.848,0.83849,38.67,CADJPY
09.01.2020 04:00:00.000 GMT-0800,83.862,83.865,83.86,0.83864,47.25,CADJPY
09.01.2020 04:30:00.000 GMT-0800,83.872,83.872,83.83,0.8383,150.51,CADJPY
09.01.2020 05:00:00.000 GMT-0800,83.79,83.803,83.784,0.83797,142.24,CADJPY
09.01.2020 05:30:00.000 GMT-0800,83.808,83.808,83.796,0.83801,82.5,CADJPY
09.01.2020 06:00:00.000 GMT-0800,83.815,83.817,83.8,0.83804,103.36,CADJPY
09.01.2020 06:30:00.000 GMT-0800,83.774,83.792,83.768,0.83786,216.6,CADJPY
09.01.2020 07:00:00.000 GMT-0800,83.762,83.764,83.731,0.8374,208.59,CADJPY
09.01.2020 07:30:00.000 GMT-0800,83.665,83.68,83.66,0.83674,111.18,CADJPY
09.01.2020 08:00:00.000 GMT-0800,83.64,83.66,83.634,0.83653,300.16,CADJPY
09.01.2020 08:30:00.000 GMT-0800,83.648,83.661,83.644,0.83657,113.5,CADJPY
09.01.2020 09:00:00.000 GMT-0800,83.631,83.638,83.629,0.83638,82.37,CADJPY
09.01.2020 09:30:00.000 GMT-0800,83.616,83.625,83.615,0.83625,32.75,CADJPY
09.01.2020 10:00:00.000 GMT-0800,83.667,83.67,83.659,0.83663,95.98,CADJPY
09.01.2020 10:30:00.000 GMT-0800,83.632,83.634,83.627,0.83631,34.97,CADJPY
09.01.2020 11:00:00.000 GMT-0800,83.681,83.688,83.677,0.83685,79.12,CADJPY
09.01.2020 11:30:00.000 GMT-0800,83.702,83.705,83.699,0.83701,32.17,CADJPY
09.01.2020 12:00:00.000 GMT-0800,83.729,83.734,83.72,0.83724,88.05,CADJPY
09.01.2020 12:30:00.000 GMT-0800,83.804,83.815,83.803,0.83815,81.21,CADJPY
09.01.2020 13:00:00.000 GMT-0800,83.796,83.808,83.789,0.83808,51.76,CADJPY
09.01.2020 13:30:00.000 GMT-0800,83.806,83.807,83.805,0.83807,15.41,CADJPY
09.01.2020 14:00:00.000 GMT-0800,83.897,83.901,83.879,0.83882,18.16,CADJPY
09.01.2020 14:30:00.000 GMT-0800,83.912,83.913,83.899,0.83899,106.86,CADJPY
09.01.2020 15:00:00.000 GMT-0800,83.839,83.859,83.838,0.83855,96.24,CADJPY
09.01.2020 15:30:00.000 GMT-0800,83.875,83.879,83.875,0.83879,62.55,CADJPY
09.01.2020 16:00:00.000 GMT-0800,83.827,83.834,83.825,0.83829,116.63,CADJPY
09.01.2020 16:30:00.000 GMT-0800,83.83,83.874,83.83,0.8386,266.44,CADJPY
09.01.2020 17:00:00.000 GMT-0800,83.798,83.8,83.792,0.83798,117.76,CADJPY
09.01.2020 17:30:00.000 GMT-0800,83.862,83.867,83.857,0.83857,162.52,CADJPY
09.01.2020 18:00:00.000 GMT-0800,83.849,83.852,83.832,0.8385,100.07,CADJPY
09.01.2020 18:30:00.000 GMT-0800,83.837,83.843,83.835,0.83843,68.01,CADJPY
09.01.2020 19:00:00.000 GMT-0800,83.865,83.87,83.863,0.83867,90.18,CADJPY
09.01.2020 19:30:00.000 GMT-0800,83.848,83.853,83.848,0.83853,32.72,CADJPY
09.01.2020 20:00:00.000 GMT-0800,83.849,83.861,83.849,0.83859,94.57,CADJPY
09.01.2020 20:30:00.000 GMT-0800,83.865,83.869,83.862,0.83864,48.93,CADJPY
09.01.2020 21:00:00.000 GMT-0800,83.866,83.867,83.862,0.83865,60.07,CADJPY
09.01.2020 21:30:00.000 GMT-0800,83.887,83.896,83.886,0.83896,110.55,CADJPY
09.01.2020 22:00:00.000 GMT-0800,83.892,83.898,83.891,0.83897,80.04,CADJPY
09.01.2020 22:30:00.000 GMT-0800,83.909,83.914,83.909,0.83911,22.1,CADJPY
09.01.2020 23:00:00.000 GMT-0800,83.923,83.929,83.921,0.83926,74.99,CADJPY
09.01.2020 23:30:00.000 GMT-0800,83.927,83.934,83.927,0.83928,30.32,CADJPY
10.01.2020 00:00:00.000 GMT-0800,83.899,83.904,83.89,0.83899,139.19,CADJPY
10.01.2020 00:30:00.000 GMT-0800,83.851,83.853,83.845,0.83849,63.8,CADJPY
10.01.2020 01:00:00.000 GMT-0800,83.836,83.837,83.824,0.83825,60.53,CADJPY
10.01.2020 01:30:00.000 GMT-0800,83.847,83.851,83.844,0.83848,40.44,CADJPY
10.01.2020 02:00:00.000 GMT-0800,83.888,83.889,83.877,0.83878,100.7,CADJPY
10.01.2020 02:30:00.000 GMT-0800,83.857,83.858,83.847,0.83854,64.25,CADJPY
10.01.2020 03:00:00.000 GMT-0800,83.839,83.839,83.835,0.83839,36.83,CADJPY
10.01.2020 03:30:00.000 GMT-0800,83.869,83.882,83.869,0.83882,41.91,CADJPY
10.01.2020 04:00:00.000 GMT-0800,83.877,83.882,83.875,0.83878,79.24,CADJPY
10.01.2020 04:30:00.000 GMT-0800,83.887,83.888,83.886,0.83888,20.37,CADJPY
10.01.2020 05:00:00.000 GMT-0800,83.938,83.939,83.922,0.83933,85.18,CADJPY
10.01.2020 05:30:00.000 GMT-0800,83.947,84.064,83.941,0.84011,743.19,CADJPY
10.01.2020 06:00:00.000 GMT-0800,84.079,84.097,84.067,0.84094,241.66,CADJPY
10.01.2020 06:30:00.000 GMT-0800,84.05,84.06,84.041,0.84049,141.99,CADJPY
10.01.2020 07:00:00.000 GMT-0800,84.016,84.029,84.003,0.84025,139.87,CADJPY
10.01.2020 07:30:00.000 GMT-0800,84.041,84.062,84.039,0.84056,81.85,CADJPY
10.01.2020 08:00:00.000 GMT-0800,83.951,83.962,83.947,0.83951,1940.77,CADJPY
10.01.2020 08:30:00.000 GMT-0800,83.836,83.847,83.831,0.83836,159.42,CADJPY
10.01.2020 09:00:00.000 GMT-0800,83.9,83.902,83.893,0.83901,103.66,CADJPY
10.01.2020 09:30:00.000 GMT-0800,83.912,83.915,83.907,0.83911,93.57,CADJPY
10.01.2020 10:00:00.000 GMT-0800,83.918,83.923,83.918,0.83922,44.92,CADJPY
10.01.2020 10:30:00.000 GMT-0800,83.928,83.933,83.925,0.8393,56.29,CADJPY
10.01.2020 11:00:00.000 GMT-0800,83.905,83.905,83.9,0.83903,48,CADJPY
10.01.2020 11:30:00.000 GMT-0800,83.933,83.935,83.918,0.8392,64.42,CADJPY
10.01.2020 12:00:00.000 GMT-0800,83.867,83.882,83.866,0.8388,95.86,CADJPY
10.01.2020 12:30:00.000 GMT-0800,83.852,83.855,83.846,0.83851,167.6,CADJPY
10.01.2020 13:00:00.000 GMT-0800,83.841,83.843,83.833,0.83838,77.28,CADJPY
10.01.2020 13:30:00.000 GMT-0800,83.861,83.863,83.859,0.83859,20.69,CADJPY
12.01.2020 14:00:00.000 GMT-0800,83.945,83.946,83.94,0.83942,7.5,CADJPY
12.01.2020 14:30:00.000 GMT-0800,83.891,83.892,83.885,0.83887,263,CADJPY
12.01.2020 15:00:00.000 GMT-0800,83.908,83.918,83.891,0.83895,238,CADJPY
12.01.2020 15:30:00.000 GMT-0800,83.897,83.897,83.882,0.83889,102.27,CADJPY
12.01.2020 16:00:00.000 GMT-0800,83.844,83.844,83.828,0.83833,128.2,CADJPY
12.01.2020 16:30:00.000 GMT-0800,83.862,83.863,83.86,0.8386,37.33,CADJPY
12.01.2020 17:00:00.000 GMT-0800,83.901,83.909,83.899,0.83909,52.19,CADJPY
12.01.2020 17:30:00.000 GMT-0800,83.967,83.967,83.961,0.83962,46.43,CADJPY
12.01.2020 18:00:00.000 GMT-0800,83.952,83.955,83.943,0.83949,73.25,CADJPY
12.01.2020 18:30:00.000 GMT-0800,83.977,83.977,83.967,0.83967,27,CADJPY
12.01.2020 19:00:00.000 GMT-0800,83.991,83.994,83.975,0.83976,70.38,CADJPY
12.01.2020 19:30:00.000 GMT-0800,84.008,84.009,84.004,0.84004,25.49,CADJPY
12.01.2020 20:00:00.000 GMT-0800,84.024,84.024,84.022,0.84022,18.77,CADJPY
12.01.2020 20:30:00.000 GMT-0800,84.023,84.028,84.023,0.84026,22.23,CADJPY
12.01.2020 21:00:00.000 GMT-0800,84.023,84.025,84.018,0.8402,28,CADJPY
12.01.2020 21:30:00.000 GMT-0800,84.024,84.024,84.022,0.84024,17.94,CADJPY
12.01.2020 22:00:00.000 GMT-0800,84.041,84.046,84.04,0.84044,53.74,CADJPY
12.01.2020 22:30:00.000 GMT-0800,84.04,84.045,84.04,0.84044,45.91,CADJPY
12.01.2020 23:00:00.000 GMT-0800,84.017,84.017,84.012,0.84012,45.07,CADJPY
12.01.2020 23:30:00.000 GMT-0800,83.972,83.974,83.963,0.83963,37,CADJPY
13.01.2020 00:00:00.000 GMT-0800,83.936,83.939,83.923,0.83932,105.38,CADJPY
13.01.2020 00:30:00.000 GMT-0800,83.948,83.948,83.935,0.83942,77.62,CADJPY
13.01.2020 01:00:00.000 GMT-0800,84.027,84.034,84.021,0.84025,99.25,CADJPY
13.01.2020 01:30:00.000 GMT-0800,84.099,84.099,84.063,0.84096,174.37,CADJPY
13.01.2020 02:00:00.000 GMT-0800,84.12,84.12,84.105,0.84108,104.9,CADJPY
13.01.2020 02:30:00.000 GMT-0800,84.15,84.15,84.14,0.84145,59.89,CADJPY
13.01.2020 03:00:00.000 GMT-0800,84.151,84.156,84.146,0.84156,55.5,CADJPY
13.01.2020 03:30:00.000 GMT-0800,84.15,84.151,84.143,0.84144,51.01,CADJPY
13.01.2020 04:00:00.000 GMT-0800,84.111,84.126,84.111,0.84125,75.37,CADJPY
13.01.2020 04:30:00.000 GMT-0800,84.176,84.176,84.171,0.84176,39.26,CADJPY
13.01.2020 05:00:00.000 GMT-0800,84.247,84.268,84.247,0.84266,104.15,CADJPY
13.01.2020 05:30:00.000 GMT-0800,84.226,84.244,84.226,0.84232,129,CADJPY
13.01.2020 06:00:00.000 GMT-0800,84.219,84.219,84.213,0.84218,43,CADJPY
13.01.2020 06:30:00.000 GMT-0800,84.227,84.242,84.225,0.84239,107.5,CADJPY
13.01.2020 07:00:00.000 GMT-0800,84.195,84.21,84.195,0.84205,93.25,CADJPY
13.01.2020 07:30:00.000 GMT-0800,84.211,84.273,84.204,0.84217,630.93,CADJPY
13.01.2020 08:00:00.000 GMT-0800,84.221,84.232,84.214,0.84228,246.76,CADJPY
13.01.2020 08:30:00.000 GMT-0800,84.224,84.229,84.198,0.84213,288.08,CADJPY
13.01.2020 09:00:00.000 GMT-0800,84.256,84.256,84.25,0.84253,77.43,CADJPY
13.01.2020 09:30:00.000 GMT-0800,84.237,84.251,84.237,0.8425,45.44,CADJPY
13.01.2020 10:00:00.000 GMT-0800,84.24,84.255,84.24,0.84253,55.59,CADJPY
13.01.2020 10:30:00.000 GMT-0800,84.244,84.247,84.238,0.84243,41.06,CADJPY
13.01.2020 11:00:00.000 GMT-0800,84.249,84.254,84.247,0.84254,14.5,CADJPY
13.01.2020 11:30:00.000 GMT-0800,84.241,84.244,84.241,0.84243,27.76,CADJPY
13.01.2020 12:00:00.000 GMT-0800,84.256,84.26,84.242,0.84247,60.47,CADJPY
13.01.2020 12:30:00.000 GMT-0800,84.182,84.183,84.178,0.84179,31.38,CADJPY
13.01.2020 13:00:00.000 GMT-0800,84.185,84.188,84.179,0.8418,57.85,CADJPY
13.01.2020 13:30:00.000 GMT-0800,84.179,84.181,84.177,0.84179,22,CADJPY
13.01.2020 14:00:00.000 GMT-0800,84.215,84.216,84.215,0.84216,21.03,CADJPY
13.01.2020 14:30:00.000 GMT-0800,84.212,84.222,84.211,0.84221,71.22,CADJPY
13.01.2020 15:00:00.000 GMT-0800,84.21,84.213,84.201,0.84202,73.13,CADJPY
13.01.2020 15:30:00.000 GMT-0800,84.215,84.215,84.207,0.84207,76.28,CADJPY
13.01.2020 16:00:00.000 GMT-0800,84.261,84.27,84.253,0.84266,132.51,CADJPY
13.01.2020 16:30:00.000 GMT-0800,84.33,84.343,84.33,0.8434,75.37,CADJPY
13.01.2020 17:00:00.000 GMT-0800,84.406,84.409,84.4,0.844,126.44,CADJPY
13.01.2020 17:30:00.000 GMT-0800,84.334,84.336,84.315,0.84316,95.75,CADJPY
13.01.2020 18:00:00.000 GMT-0800,84.277,84.278,84.246,0.84246,139.32,CADJPY
13.01.2020 18:30:00.000 GMT-0800,84.27,84.271,84.261,0.84264,88,CADJPY
13.01.2020 19:00:00.000 GMT-0800,84.324,84.326,84.319,0.84321,29.3,CADJPY
13.01.2020 19:30:00.000 GMT-0800,84.31,84.31,84.303,0.84308,42.12,CADJPY
13.01.2020 20:00:00.000 GMT-0800,84.301,84.307,84.301,0.84306,29.96,CADJPY
13.01.2020 20:30:00.000 GMT-0800,84.294,84.295,84.291,0.84291,16.77,CADJPY
13.01.2020 21:00:00.000 GMT-0800,84.303,84.303,84.294,0.84295,37.93,CADJPY
13.01.2020 21:30:00.000 GMT-0800,84.316,84.32,84.312,0.84312,72.75,CADJPY
13.01.2020 22:00:00.000 GMT-0800,84.269,84.275,84.266,0.84271,57,CADJPY
13.01.2020 22:30:00.000 GMT-0800,84.326,84.327,84.324,0.84324,25.69,CADJPY
13.01.2020 23:00:00.000 GMT-0800,84.365,84.367,84.347,0.84362,81.85,CADJPY
13.01.2020 23:30:00.000 GMT-0800,84.226,84.228,84.222,0.84228,56.81,CADJPY
14.01.2020 00:00:00.000 GMT-0800,84.181,84.185,84.149,0.84153,163.07,CADJPY
14.01.2020 00:30:00.000 GMT-0800,84.063,84.076,84.054,0.84062,123.97,CADJPY
14.01.2020 01:00:00.000 GMT-0800,84.112,84.127,84.112,0.84125,79.2,CADJPY
14.01.2020 01:30:00.000 GMT-0800,84.135,84.15,84.135,0.84149,54.23,CADJPY
14.01.2020 02:00:00.000 GMT-0800,84.168,84.173,84.168,0.84172,43.37,CADJPY
14.01.2020 02:30:00.000 GMT-0800,84.196,84.212,84.195,0.84212,58.31,CADJPY
14.01.2020 03:00:00.000 GMT-0800,84.189,84.193,84.17,0.84175,100.94,CADJPY
14.01.2020 03:30:00.000 GMT-0800,84.137,84.146,84.136,0.84143,49.26,CADJPY
14.01.2020 04:00:00.000 GMT-0800,84.166,84.167,84.147,0.84147,91.08,CADJPY
14.01.2020 04:30:00.000 GMT-0800,84.18,84.185,84.18,0.84182,83.49,CADJPY
14.01.2020 05:00:00.000 GMT-0800,84.226,84.226,84.213,0.84223,158.06,CADJPY
14.01.2020 05:30:00.000 GMT-0800,84.203,84.203,84.141,0.84145,368.03,CADJPY
14.01.2020 06:00:00.000 GMT-0800,84.135,84.163,84.134,0.84163,139.25,CADJPY
14.01.2020 06:30:00.000 GMT-0800,84.186,84.208,84.183,0.84202,196.4,CADJPY
14.01.2020 07:00:00.000 GMT-0800,84.169,84.177,84.147,0.84175,182.05,CADJPY
14.01.2020 07:30:00.000 GMT-0800,84.216,84.216,84.198,0.84207,88.27,CADJPY
14.01.2020 08:00:00.000 GMT-0800,84.223,84.233,84.215,0.84232,316.5,CADJPY
14.01.2020 08:30:00.000 GMT-0800,84.27,84.274,84.267,0.84272,81.06,CADJPY
14.01.2020 09:00:00.000 GMT-0800,84.289,84.292,84.284,0.84289,127.27,CADJPY
14.01.2020 09:30:00.000 GMT-0800,84.278,84.28,84.275,0.84277,51.91,CADJPY
14.01.2020 10:00:00.000 GMT-0800,84.36,84.37,84.36,0.84365,92.87,CADJPY
14.01.2020 10:30:00.000 GMT-0800,84.367,84.367,84.363,0.84364,25.19,CADJPY
14.01.2020 11:00:00.000 GMT-0800,84.23,84.254,84.23,0.84241,170.18,CADJPY
14.01.2020 11:30:00.000 GMT-0800,84.251,84.257,84.25,0.84253,42.93,CADJPY
14.01.2020 12:00:00.000 GMT-0800,84.244,84.247,84.237,0.84237,88.44,CADJPY
14.01.2020 12:30:00.000 GMT-0800,84.198,84.198,84.183,0.8419,60.84,CADJPY
14.01.2020 13:00:00.000 GMT-0800,84.185,84.199,84.185,0.84193,59.54,CADJPY
14.01.2020 13:30:00.000 GMT-0800,84.203,84.204,84.194,0.84196,47.68,CADJPY
14.01.2020 14:00:00.000 GMT-0800,84.213,84.224,84.213,0.84224,12.91,CADJPY
14.01.2020 14:30:00.000 GMT-0800,84.22,84.22,84.21,0.84211,24.55,CADJPY
14.01.2020 15:00:00.000 GMT-0800,84.218,84.222,84.208,0.84209,89.79,CADJPY
14.01.2020 15:30:00.000 GMT-0800,84.136,84.153,84.136,0.8415,76.25,CADJPY
14.01.2020 16:00:00.000 GMT-0800,84.07,84.093,84.067,0.8409,219.83,CADJPY
14.01.2020 16:30:00.000 GMT-0800,84.163,84.169,84.16,0.84161,42.5,CADJPY
14.01.2020 17:00:00.000 GMT-0800,84.127,84.145,84.122,0.84134,199.94,CADJPY
14.01.2020 17:30:00.000 GMT-0800,84.122,84.126,84.113,0.84117,102.18,CADJPY
14.01.2020 18:00:00.000 GMT-0800,84.14,84.149,84.139,0.84148,74.01,CADJPY
14.01.2020 18:30:00.000 GMT-0800,84.098,84.11,84.096,0.84109,77.32,CADJPY
14.01.2020 19:00:00.000 GMT-0800,84.124,84.13,84.121,0.84129,32.2,CADJPY
14.01.2020 19:30:00.000 GMT-0800,84.109,84.122,84.109,0.8412,64.22,CADJPY
14.01.2020 20:00:00.000 GMT-0800,84.148,84.151,84.145,0.84148,73.91,CADJPY
14.01.2020 20:30:00.000 GMT-0800,84.149,84.149,84.133,0.84135,67.84,CADJPY
14.01.2020 21:00:00.000 GMT-0800,84.165,84.167,84.164,0.84167,27.83,CADJPY
14.01.2020 21:30:00.000 GMT-0800,84.192,84.193,84.189,0.84192,73.65,CADJPY
14.01.2020 22:00:00.000 GMT-0800,84.185,84.19,84.179,0.8418,94.39,CADJPY
14.01.2020 22:30:00.000 GMT-0800,84.189,84.189,84.18,0.8418,82.33,CADJPY
14.01.2020 23:00:00.000 GMT-0800,84.188,84.188,84.176,0.84181,62.56,CADJPY
14.01.2020 23:30:00.000 GMT-0800,84.178,84.182,84.176,0.84182,36.7,CADJPY
15.01.2020 00:00:00.000 GMT-0800,84.171,84.185,84.165,0.84172,180.93,CADJPY
15.01.2020 00:30:00.000 GMT-0800,84.131,84.132,84.125,0.8413,64.73,CADJPY
15.01.2020 01:00:00.000 GMT-0800,84.104,84.105,84.097,0.84099,63.95,CADJPY
15.01.2020 01:30:00.000 GMT-0800,84.019,84.035,84.004,0.84035,247.98,CADJPY
15.01.2020 02:00:00.000 GMT-0800,84.024,84.027,84.018,0.84026,38.37,CADJPY
15.01.2020 02:30:00.000 GMT-0800,84.066,84.067,84.059,0.84061,35.12,CADJPY
15.01.2020 03:00:00.000 GMT-0800,84.032,84.04,84.029,0.84036,73.19,CADJPY
15.01.2020 03:30:00.000 GMT-0800,84.074,84.078,84.073,0.84077,36.94,CADJPY
15.01.2020 04:00:00.000 GMT-0800,84.084,84.09,84.079,0.84084,42.07,CADJPY
15.01.2020 04:30:00.000 GMT-0800,84.091,84.092,84.086,0.84089,80.96,CADJPY
15.01.2020 05:00:00.000 GMT-0800,84.096,84.103,84.094,0.84099,111.58,CADJPY
15.01.2020 05:30:00.000 GMT-0800,84.06,84.073,84.049,0.84061,142.77,CADJPY
15.01.2020 06:00:00.000 GMT-0800,84.03,84.038,84.018,0.84031,189.09,CADJPY
15.01.2020 06:30:00.000 GMT-0800,84.082,84.105,84.078,0.841,209.38,CADJPY
15.01.2020 07:00:00.000 GMT-0800,84.206,84.222,84.206,0.84222,159.55,CADJPY
15.01.2020 07:30:00.000 GMT-0800,84.22,84.227,84.181,0.84185,257.59,CADJPY
15.01.2020 08:00:00.000 GMT-0800,84.299,84.305,84.289,0.84292,272.53,CADJPY
15.01.2020 08:30:00.000 GMT-0800,84.306,84.311,84.301,0.84311,62.38,CADJPY
15.01.2020 09:00:00.000 GMT-0800,84.312,84.323,84.31,0.8432,144.84,CADJPY
15.01.2020 09:30:00.000 GMT-0800,84.329,84.334,84.327,0.84332,75.92,CADJPY
15.01.2020 10:00:00.000 GMT-0800,84.286,84.288,84.272,0.84277,149.53,CADJPY
15.01.2020 10:30:00.000 GMT-0800,84.29,84.294,84.285,0.84293,62.96,CADJPY
15.01.2020 11:00:00.000 GMT-0800,84.229,84.232,84.218,0.8422,84.74,CADJPY
15.01.2020 11:30:00.000 GMT-0800,84.264,84.27,84.264,0.84267,67.18,CADJPY
15.01.2020 12:00:00.000 GMT-0800,84.294,84.297,84.279,0.84279,107.89,CADJPY
15.01.2020 12:30:00.000 GMT-0800,84.195,84.199,84.19,0.84199,40.82,CADJPY
15.01.2020 13:00:00.000 GMT-0800,84.231,84.239,84.229,0.84231,38.71,CADJPY
15.01.2020 13:30:00.000 GMT-0800,84.239,84.244,84.237,0.84243,33.79,CADJPY
15.01.2020 14:00:00.000 GMT-0800,84.274,84.29,84.259,0.84274,23.63,CADJPY
15.01.2020 14:30:00.000 GMT-0800,84.266,84.267,84.257,0.84261,57.04,CADJPY
15.01.2020 15:00:00.000 GMT-0800,84.26,84.269,84.257,0.84265,186.6,CADJPY
15.01.2020 15:30:00.000 GMT-0800,84.248,84.252,84.242,0.84242,56.25,CADJPY
15.01.2020 16:00:00.000 GMT-0800,84.27,84.271,84.256,0.8426,72.94,CADJPY
15.01.2020 16:30:00.000 GMT-0800,84.318,84.324,84.316,0.84316,54,CADJPY
15.01.2020 17:00:00.000 GMT-0800,84.295,84.297,84.292,0.84296,63.62,CADJPY
15.01.2020 17:30:00.000 GMT-0800,84.29,84.29,84.281,0.84282,63.02,CADJPY
15.01.2020 18:00:00.000 GMT-0800,84.285,84.289,84.282,0.84286,74.27,CADJPY
15.01.2020 18:30:00.000 GMT-0800,84.279,84.281,84.278,0.84279,34.34,CADJPY
15.01.2020 19:00:00.000 GMT-0800,84.28,84.282,84.279,0.84281,40.43,CADJPY
15.01.2020 19:30:00.000 GMT-0800,84.282,84.282,84.279,0.84281,46.22,CADJPY
15.01.2020 20:00:00.000 GMT-0800,84.28,84.28,84.274,0.84274,21.31,CADJPY
15.01.2020 20:30:00.000 GMT-0800,84.281,84.282,84.277,0.8428,22.59,CADJPY
15.01.2020 21:00:00.000 GMT-0800,84.282,84.284,84.281,0.84281,42.26,CADJPY
15.01.2020 21:30:00.000 GMT-0800,84.276,84.28,84.275,0.84277,38.59,CADJPY
15.01.2020 22:00:00.000 GMT-0800,84.278,84.283,84.275,0.84275,103.12,CADJPY
15.01.2020 22:30:00.000 GMT-0800,84.264,84.265,84.259,0.84265,67.09,CADJPY
15.01.2020 23:00:00.000 GMT-0800,84.283,84.285,84.281,0.84283,57.28,CADJPY
15.01.2020 23:30:00.000 GMT-0800,84.306,84.311,84.306,0.84309,38.24,CADJPY
16.01.2020 00:00:00.000 GMT-0800,84.316,84.325,84.313,0.84321,166.36,CADJPY
16.01.2020 00:30:00.000 GMT-0800,84.329,84.369,84.329,0.84367,167.51,CADJPY
16.01.2020 01:00:00.000 GMT-0800,84.415,84.417,84.398,0.84407,105.1,CADJPY
16.01.2020 01:30:00.000 GMT-0800,84.363,84.37,84.355,0.84356,63.66,CADJPY
16.01.2020 02:00:00.000 GMT-0800,84.397,84.399,84.382,0.84383,67.19,CADJPY
16.01.2020 02:30:00.000 GMT-0800,84.385,84.394,84.384,0.84387,72.61,CADJPY
16.01.2020 03:00:00.000 GMT-0800,84.378,84.382,84.372,0.84377,89.51,CADJPY
16.01.2020 03:30:00.000 GMT-0800,84.367,84.368,84.363,0.84364,101.2,CADJPY
16.01.2020 04:00:00.000 GMT-0800,84.344,84.344,84.338,0.84338,35.86,CADJPY
16.01.2020 04:30:00.000 GMT-0800,84.333,84.347,84.33,0.84345,93.31,CADJPY
16.01.2020 05:00:00.000 GMT-0800,84.342,84.342,84.327,0.84327,103.63,CADJPY
16.01.2020 05:30:00.000 GMT-0800,84.329,84.36,84.325,0.84337,245.17,CADJPY
16.01.2020 06:00:00.000 GMT-0800,84.355,84.363,84.339,0.84356,194.84,CADJPY
16.01.2020 06:30:00.000 GMT-0800,84.385,84.402,84.373,0.84385,218.35,CADJPY
16.01.2020 07:00:00.000 GMT-0800,84.338,84.35,84.335,0.84337,152.6,CADJPY
16.01.2020 07:30:00.000 GMT-0800,84.317,84.333,84.313,0.8432,156.39,CADJPY
16.01.2020 08:00:00.000 GMT-0800,84.423,84.45,84.421,0.84448,294.22,CADJPY
16.01.2020 08:30:00.000 GMT-0800,84.468,84.474,84.461,0.84469,95.68,CADJPY
16.01.2020 09:00:00.000 GMT-0800,84.462,84.477,84.462,0.84477,89.44,CADJPY
16.01.2020 09:30:00.000 GMT-0800,84.452,84.465,84.451,0.8446,44.79,CADJPY
16.01.2020 10:00:00.000 GMT-0800,84.463,84.473,84.462,0.84473,65.36,CADJPY
16.01.2020 10:30:00.000 GMT-0800,84.383,84.383,84.374,0.84377,55.48,CADJPY
16.01.2020 11:00:00.000 GMT-0800,84.389,84.397,84.389,0.84395,123.68,CADJPY
16.01.2020 11:30:00.000 GMT-0800,84.406,84.406,84.404,0.84405,24.83,CADJPY
16.01.2020 12:00:00.000 GMT-0800,84.407,84.409,84.406,0.84409,26.76,CADJPY
16.01.2020 12:30:00.000 GMT-0800,84.453,84.454,84.451,0.84453,50.25,CADJPY
16.01.2020 13:00:00.000 GMT-0800,84.467,84.468,84.45,0.8445,43.99,CADJPY
16.01.2020 13:30:00.000 GMT-0800,84.462,84.466,84.459,0.84463,57.05,CADJPY
16.01.2020 14:00:00.000 GMT-0800,84.458,84.469,84.452,0.84463,9.18,CADJPY
16.01.2020 14:30:00.000 GMT-0800,84.494,84.499,84.488,0.8449,91.36,CADJPY
16.01.2020 15:00:00.000 GMT-0800,84.492,84.504,84.486,0.84494,200.74,CADJPY
16.01.2020 15:30:00.000 GMT-0800,84.52,84.526,84.514,0.84519,112.78,CADJPY
16.01.2020 16:00:00.000 GMT-0800,84.49,84.49,84.477,0.84482,125.52,CADJPY
16.01.2020 16:30:00.000 GMT-0800,84.487,84.495,84.487,0.84493,62.62,CADJPY
16.01.2020 17:00:00.000 GMT-0800,84.54,84.545,84.53,0.84532,124.88,CADJPY
16.01.2020 17:30:00.000 GMT-0800,84.478,84.479,84.459,0.84459,151.01,CADJPY
16.01.2020 18:00:00.000 GMT-0800,84.451,84.504,84.451,0.84473,277.27,CADJPY
16.01.2020 18:30:00.000 GMT-0800,84.481,84.491,84.481,0.8449,87.44,CADJPY
16.01.2020 19:00:00.000 GMT-0800,84.469,84.469,84.465,0.84467,17.75,CADJPY
16.01.2020 19:30:00.000 GMT-0800,84.473,84.477,84.469,0.84469,30.5,CADJPY
16.01.2020 20:00:00.000 GMT-0800,84.469,84.469,84.462,0.84463,23.79,CADJPY
16.01.2020 20:30:00.000 GMT-0800,84.454,84.456,84.453,0.84455,16.67,CADJPY
16.01.2020 21:00:00.000 GMT-0800,84.429,84.439,84.428,0.84437,52.91,CADJPY
16.01.2020 21:30:00.000 GMT-0800,84.439,84.441,84.436,0.84438,24,CADJPY
16.01.2020 22:00:00.000 GMT-0800,84.446,84.456,84.442,0.84443,53.88,CADJPY
16.01.2020 22:30:00.000 GMT-0800,84.476,84.477,84.471,0.84474,19,CADJPY
16.01.2020 23:00:00.000 GMT-0800,84.487,84.491,84.487,0.84489,26.31,CADJPY
16.01.2020 23:30:00.000 GMT-0800,84.526,84.532,84.525,0.84532,29.75,CADJPY
17.01.2020 00:00:00.000 GMT-0800,84.549,84.557,84.542,0.84556,92.69,CADJPY
17.01.2020 00:30:00.000 GMT-0800,84.551,84.554,84.551,0.84554,39.5,CADJPY
17.01.2020 01:00:00.000 GMT-0800,84.504,84.505,84.495,0.845,60.71,CADJPY
17.01.2020 01:30:00.000 GMT-0800,84.439,84.447,84.416,0.84447,177.9,CADJPY
17.01.2020 02:00:00.000 GMT-0800,84.473,84.48,84.471,0.8448,49.75,CADJPY
17.01.2020 02:30:00.000 GMT-0800,84.426,84.445,84.414,0.84444,149.25,CADJPY
17.01.2020 03:00:00.000 GMT-0800,84.429,84.431,84.415,0.8442,113.84,CADJPY
17.01.2020 03:30:00.000 GMT-0800,84.413,84.413,84.4,0.84402,86.14,CADJPY
17.01.2020 04:00:00.000 GMT-0800,84.424,84.429,84.424,0.84428,38.75,CADJPY
17.01.2020 04:30:00.000 GMT-0800,84.385,84.386,84.36,0.84365,35.94,CADJPY
17.01.2020 05:00:00.000 GMT-0800,84.361,84.38,84.358,0.84378,76.26,CADJPY
17.01.2020 05:30:00.000 GMT-0800,84.354,84.384,84.354,0.84363,283.03,CADJPY
17.01.2020 06:00:00.000 GMT-0800,84.441,84.451,84.431,0.84451,157.02,CADJPY
17.01.2020 06:30:00.000 GMT-0800,84.462,84.466,84.451,0.8446,129.49,CADJPY
17.01.2020 07:00:00.000 GMT-0800,84.363,84.365,84.336,0.84336,170.56,CADJPY
17.01.2020 07:30:00.000 GMT-0800,84.346,84.36,84.334,0.84338,165.38,CADJPY
17.01.2020 08:00:00.000 GMT-0800,84.367,84.383,84.36,0.84381,327.84,CADJPY
17.01.2020 08:30:00.000 GMT-0800,84.283,84.292,84.281,0.8429,62.09,CADJPY
17.01.2020 09:00:00.000 GMT-0800,84.261,84.271,84.255,0.84271,42.42,CADJPY
17.01.2020 09:30:00.000 GMT-0800,84.306,84.307,84.294,0.84299,63.47,CADJPY
17.01.2020 10:00:00.000 GMT-0800,84.294,84.295,84.283,0.8429,89.2,CADJPY
17.01.2020 10:30:00.000 GMT-0800,84.306,84.323,84.305,0.84322,70.48,CADJPY
17.01.2020 11:00:00.000 GMT-0800,84.312,84.312,84.303,0.84303,41,CADJPY
17.01.2020 11:30:00.000 GMT-0800,84.276,84.283,84.276,0.84279,40.87,CADJPY
17.01.2020 12:00:00.000 GMT-0800,84.317,84.318,84.306,0.84311,66.45,CADJPY
17.01.2020 12:30:00.000 GMT-0800,84.314,84.32,84.314,0.84317,35.1,CADJPY
17.01.2020 13:00:00.000 GMT-0800,84.296,84.298,84.289,0.84297,72.08,CADJPY
17.01.2020 13:30:00.000 GMT-0800,84.3,84.304,84.297,0.84304,80.37,CADJPY
19.01.2020 14:00:00.000 GMT-0800,84.31,84.311,84.302,0.84302,2.25,CADJPY
19.01.2020 14:30:00.000 GMT-0800,84.327,84.327,84.309,0.84309,44,CADJPY
19.01.2020 15:00:00.000 GMT-0800,84.315,84.324,84.287,0.84289,92.31,CADJPY
19.01.2020 15:30:00.000 GMT-0800,84.336,84.34,84.33,0.84335,115.19,CADJPY
19.01.2020 16:00:00.000 GMT-0800,84.344,84.358,84.343,0.84349,131.39,CADJPY
19.01.2020 16:30:00.000 GMT-0800,84.331,84.344,84.331,0.84342,70.44,CADJPY
19.01.2020 17:00:00.000 GMT-0800,84.314,84.32,84.311,0.84317,113.81,CADJPY
19.01.2020 17:30:00.000 GMT-0800,84.318,84.324,84.31,0.84312,49.05,CADJPY
19.01.2020 18:00:00.000 GMT-0800,84.329,84.332,84.328,0.8433,38.03,CADJPY
19.01.2020 18:30:00.000 GMT-0800,84.328,84.333,84.328,0.84333,16.5,CADJPY
19.01.2020 19:00:00.000 GMT-0800,84.327,84.329,84.323,0.84328,48.54,CADJPY
19.01.2020 19:30:00.000 GMT-0800,84.33,84.332,84.329,0.84332,21.5,CADJPY
19.01.2020 20:00:00.000 GMT-0800,84.338,84.338,84.33,0.84334,52.8,CADJPY
19.01.2020 20:30:00.000 GMT-0800,84.327,84.33,84.325,0.84328,85.19,CADJPY
19.01.2020 21:00:00.000 GMT-0800,84.35,84.357,84.35,0.84351,41.74,CADJPY
19.01.2020 21:30:00.000 GMT-0800,84.342,84.342,84.342,0.84342,8.8,CADJPY
19.01.2020 22:00:00.000 GMT-0800,84.348,84.35,84.344,0.84347,59.17,CADJPY
19.01.2020 22:30:00.000 GMT-0800,84.361,84.362,84.36,0.8436,30.74,CADJPY
19.01.2020 23:00:00.000 GMT-0800,84.379,84.388,84.376,0.84385,61.63,CADJPY
19.01.2020 23:30:00.000 GMT-0800,84.373,84.378,84.371,0.84376,29.25,CADJPY
20.01.2020 00:00:00.000 GMT-0800,84.285,84.289,84.281,0.84286,137.68,CADJPY
20.01.2020 00:30:00.000 GMT-0800,84.301,84.301,84.295,0.84299,49.95,CADJPY
20.01.2020 01:00:00.000 GMT-0800,84.29,84.298,84.29,0.84293,29,CADJPY
20.01.2020 01:30:00.000 GMT-0800,84.309,84.311,84.305,0.84311,26.92,CADJPY
20.01.2020 02:00:00.000 GMT-0800,84.32,84.32,84.315,0.84318,29.25,CADJPY
20.01.2020 02:30:00.000 GMT-0800,84.303,84.307,84.303,0.84307,38.62,CADJPY
20.01.2020 03:00:00.000 GMT-0800,84.295,84.301,84.295,0.843,33.4,CADJPY
20.01.2020 03:30:00.000 GMT-0800,84.323,84.333,84.323,0.84333,53.35,CADJPY
20.01.2020 04:00:00.000 GMT-0800,84.329,84.335,84.328,0.84335,30.92,CADJPY
20.01.2020 04:30:00.000 GMT-0800,84.334,84.335,84.334,0.84335,5,CADJPY
20.01.2020 05:00:00.000 GMT-0800,84.302,84.311,84.302,0.8431,79.08,CADJPY
20.01.2020 05:30:00.000 GMT-0800,84.317,84.319,84.315,0.84315,28.84,CADJPY
20.01.2020 06:00:00.000 GMT-0800,84.349,84.351,84.34,0.84343,42.25,CADJPY
20.01.2020 06:30:00.000 GMT-0800,84.353,84.354,84.349,0.84352,28.62,CADJPY
20.01.2020 07:00:00.000 GMT-0800,84.378,84.384,84.377,0.84377,45.84,CADJPY
20.01.2020 07:30:00.000 GMT-0800,84.384,84.389,84.371,0.84372,69.55,CADJPY
20.01.2020 08:00:00.000 GMT-0800,84.364,84.37,84.36,0.84361,102.04,CADJPY
20.01.2020 08:30:00.000 GMT-0800,84.355,84.357,84.352,0.84355,32.02,CADJPY
20.01.2020 09:00:00.000 GMT-0800,84.422,84.424,84.418,0.84423,21.5,CADJPY
20.01.2020 09:30:00.000 GMT-0800,84.448,84.45,84.446,0.84448,35.32,CADJPY
20.01.2020 10:00:00.000 GMT-0800,84.43,84.437,84.426,0.84436,80.22,CADJPY
20.01.2020 10:30:00.000 GMT-0800,84.442,84.446,84.442,0.84446,12.12,CADJPY
20.01.2020 11:00:00.000 GMT-0800,84.436,84.442,84.436,0.84442,11,CADJPY
20.01.2020 11:30:00.000 GMT-0800,84.441,84.441,84.427,0.84429,36.27,CADJPY
20.01.2020 12:00:00.000 GMT-0800,84.449,84.457,84.447,0.84456,57.42,CADJPY
20.01.2020 12:30:00.000 GMT-0800,84.443,84.446,84.435,0.84444,121.31,CADJPY
20.01.2020 13:00:00.000 GMT-0800,84.457,84.46,84.451,0.84455,103.45,CADJPY
20.01.2020 13:30:00.000 GMT-0800,84.459,84.459,84.452,0.84454,167.39,CADJPY
20.01.2020 14:00:00.000 GMT-0800,84.454,84.47,84.453,0.8446,3.36,CADJPY
20.01.2020 14:30:00.000 GMT-0800,84.452,84.46,84.452,0.84457,115.75,CADJPY
20.01.2020 15:00:00.000 GMT-0800,84.452,84.456,84.447,0.84456,82.64,CADJPY
20.01.2020 15:30:00.000 GMT-0800,84.449,84.45,84.445,0.8445,44.96,CADJPY
20.01.2020 16:00:00.000 GMT-0800,84.461,84.465,84.443,0.84448,136.77,CADJPY
20.01.2020 16:30:00.000 GMT-0800,84.458,84.461,84.454,0.84455,61.28,CADJPY
20.01.2020 17:00:00.000 GMT-0800,84.455,84.455,84.446,0.84447,68.96,CADJPY
20.01.2020 17:30:00.000 GMT-0800,84.324,84.328,84.32,0.84325,147.59,CADJPY
20.01.2020 18:00:00.000 GMT-0800,84.217,84.227,84.217,0.84224,152.89,CADJPY
20.01.2020 18:30:00.000 GMT-0800,84.227,84.227,84.203,0.84204,122.91,CADJPY
20.01.2020 19:00:00.000 GMT-0800,84.223,84.226,84.215,0.84222,93.21,CADJPY
20.01.2020 19:30:00.000 GMT-0800,84.249,84.253,84.247,0.84251,37.6,CADJPY
20.01.2020 20:00:00.000 GMT-0800,84.237,84.237,84.231,0.84233,47,CADJPY
20.01.2020 20:30:00.000 GMT-0800,84.199,84.214,84.199,0.84211,96.18,CADJPY
20.01.2020 21:00:00.000 GMT-0800,84.229,84.232,84.226,0.84232,110.99,CADJPY
20.01.2020 21:30:00.000 GMT-0800,84.228,84.231,84.227,0.84228,35.78,CADJPY
20.01.2020 22:00:00.000 GMT-0800,84.184,84.192,84.182,0.84191,84.96,CADJPY
20.01.2020 22:30:00.000 GMT-0800,84.18,84.185,84.175,0.84185,76.11,CADJPY
20.01.2020 23:00:00.000 GMT-0800,84.124,84.124,84.108,0.84115,137.23,CADJPY
20.01.2020 23:30:00.000 GMT-0800,84.169,84.185,84.166,0.84184,68.52,CADJPY
21.01.2020 00:00:00.000 GMT-0800,84.156,84.157,84.139,0.84144,131.62,CADJPY
21.01.2020 00:30:00.000 GMT-0800,84.117,84.124,84.104,0.84105,99.29,CADJPY
21.01.2020 01:00:00.000 GMT-0800,84.095,84.108,84.095,0.84108,79.62,CADJPY
21.01.2020 01:30:00.000 GMT-0800,84.083,84.098,84.083,0.84096,75,CADJPY
21.01.2020 02:00:00.000 GMT-0800,84.123,84.143,84.117,0.84143,99.77,CADJPY
21.01.2020 02:30:00.000 GMT-0800,84.16,84.164,84.156,0.84158,60.25,CADJPY
21.01.2020 03:00:00.000 GMT-0800,84.19,84.199,84.187,0.84193,95.25,CADJPY
21.01.2020 03:30:00.000 GMT-0800,84.228,84.228,84.226,0.84227,34,CADJPY
21.01.2020 04:00:00.000 GMT-0800,84.235,84.248,84.235,0.84248,76.82,CADJPY
21.01.2020 04:30:00.000 GMT-0800,84.272,84.276,84.268,0.8427,45.68,CADJPY
21.01.2020 05:00:00.000 GMT-0800,84.251,84.254,84.239,0.84239,93.5,CADJPY
21.01.2020 05:30:00.000 GMT-0800,84.273,84.274,84.252,0.84261,180.57,CADJPY
21.01.2020 06:00:00.000 GMT-0800,84.248,84.255,84.247,0.84253,48.19,CADJPY
21.01.2020 06:30:00.000 GMT-0800,84.352,84.365,84.349,0.84351,202.56,CADJPY
21.01.2020 07:00:00.000 GMT-0800,84.246,84.257,84.238,0.84254,177.64,CADJPY
21.01.2020 07:30:00.000 GMT-0800,84.138,84.139,84.121,0.84128,106.4,CADJPY
21.01.2020 08:00:00.000 GMT-0800,84.134,84.136,84.103,0.8412,184.74,CADJPY
21.01.2020 08:30:00.000 GMT-0800,84.127,84.127,84.117,0.84118,33.44,CADJPY
21.01.2020 09:00:00.000 GMT-0800,84.138,84.143,84.135,0.84139,73.73,CADJPY
21.01.2020 09:30:00.000 GMT-0800,84.136,84.136,84.134,0.84135,15.5,CADJPY
21.01.2020 10:00:00.000 GMT-0800,84.106,84.107,84.102,0.84107,72.15,CADJPY
21.01.2020 10:30:00.000 GMT-0800,84.089,84.092,84.085,0.84087,63.36,CADJPY
21.01.2020 11:00:00.000 GMT-0800,84.007,84.007,83.994,0.84002,132.92,CADJPY
21.01.2020 11:30:00.000 GMT-0800,83.976,83.982,83.974,0.83977,56.78,CADJPY
21.01.2020 12:00:00.000 GMT-0800,84,84.004,83.996,0.84,67.18,CADJPY
21.01.2020 12:30:00.000 GMT-0800,83.977,83.982,83.975,0.83982,35.2,CADJPY
21.01.2020 13:00:00.000 GMT-0800,83.97,83.983,83.967,0.83982,103.92,CADJPY
21.01.2020 13:30:00.000 GMT-0800,84.012,84.016,84.012,0.84016,13,CADJPY
21.01.2020 14:00:00.000 GMT-0800,84.07,84.086,84.054,0.84062,24.13,CADJPY
21.01.2020 14:30:00.000 GMT-0800,84.048,84.05,84.046,0.8405,74.94,CADJPY
21.01.2020 15:00:00.000 GMT-0800,84.041,84.055,84.041,0.84055,91.71,CADJPY
21.01.2020 15:30:00.000 GMT-0800,84.055,84.055,84.048,0.84048,30.2,CADJPY
21.01.2020 16:00:00.000 GMT-0800,84.073,84.084,84.072,0.8408,101.46,CADJPY
21.01.2020 16:30:00.000 GMT-0800,84.072,84.082,84.072,0.84079,67.16,CADJPY
21.01.2020 17:00:00.000 GMT-0800,83.995,84.002,83.99,0.83998,170.58,CADJPY
21.01.2020 17:30:00.000 GMT-0800,84.027,84.034,84.017,0.84017,122.9,CADJPY
21.01.2020 18:00:00.000 GMT-0800,83.968,83.973,83.962,0.83969,125.22,CADJPY
21.01.2020 18:30:00.000 GMT-0800,84.028,84.036,84.025,0.84034,74.42,CADJPY
21.01.2020 19:00:00.000 GMT-0800,84.106,84.116,84.105,0.84106,194,CADJPY
21.01.2020 19:30:00.000 GMT-0800,84.112,84.116,84.112,0.84112,48.58,CADJPY
21.01.2020 20:00:00.000 GMT-0800,84.092,84.103,84.088,0.84103,71.92,CADJPY
21.01.2020 20:30:00.000 GMT-0800,84.089,84.095,84.089,0.84092,35.09,CADJPY
21.01.2020 21:00:00.000 GMT-0800,84.078,84.078,84.069,0.84071,41.48,CADJPY
21.01.2020 21:30:00.000 GMT-0800,84.11,84.11,84.109,0.84109,42.3,CADJPY
21.01.2020 22:00:00.000 GMT-0800,84.127,84.129,84.123,0.84125,42.24,CADJPY
21.01.2020 22:30:00.000 GMT-0800,84.125,84.127,84.122,0.84123,43.14,CADJPY
21.01.2020 23:00:00.000 GMT-0800,84.136,84.142,84.128,0.84129,128.17,CADJPY
21.01.2020 23:30:00.000 GMT-0800,84.098,84.101,84.097,0.84098,50.57,CADJPY
22.01.2020 00:00:00.000 GMT-0800,84.12,84.12,84.093,0.84095,126.38,CADJPY
22.01.2020 00:30:00.000 GMT-0800,84.109,84.111,84.101,0.84111,38.5,CADJPY
22.01.2020 01:00:00.000 GMT-0800,84.107,84.107,84.075,0.84081,96.78,CADJPY
22.01.2020 01:30:00.000 GMT-0800,84.098,84.099,84.09,0.8409,65.08,CADJPY
22.01.2020 02:00:00.000 GMT-0800,84.156,84.162,84.153,0.84158,96.38,CADJPY
22.01.2020 02:30:00.000 GMT-0800,84.162,84.165,84.159,0.84159,37.75,CADJPY
22.01.2020 03:00:00.000 GMT-0800,84.175,84.18,84.17,0.84172,83.49,CADJPY
22.01.2020 03:30:00.000 GMT-0800,84.155,84.155,84.15,0.84152,28.19,CADJPY
22.01.2020 04:00:00.000 GMT-0800,84.214,84.214,84.209,0.84211,53.72,CADJPY
22.01.2020 04:30:00.000 GMT-0800,84.201,84.206,84.201,0.84206,25.57,CADJPY
22.01.2020 05:00:00.000 GMT-0800,84.24,84.255,84.233,0.84251,94.52,CADJPY
22.01.2020 05:30:00.000 GMT-0800,84.325,84.325,84.267,0.84321,409.18,CADJPY
22.01.2020 06:00:00.000 GMT-0800,84.274,84.276,84.267,0.84273,86.1,CADJPY
22.01.2020 06:30:00.000 GMT-0800,84.21,84.215,84.181,0.84182,113.79,CADJPY
22.01.2020 07:00:00.000 GMT-0800,84.17,84.17,83.876,0.83932,778.89,CADJPY
22.01.2020 07:30:00.000 GMT-0800,83.73,83.731,83.687,0.83691,147.93,CADJPY
22.01.2020 08:00:00.000 GMT-0800,83.782,83.79,83.779,0.83788,210.07,CADJPY
22.01.2020 08:30:00.000 GMT-0800,83.779,83.811,83.779,0.83802,201.64,CADJPY
22.01.2020 09:00:00.000 GMT-0800,83.692,83.703,83.691,0.83696,122.29,CADJPY
22.01.2020 09:30:00.000 GMT-0800,83.601,83.603,83.594,0.83594,56.05,CADJPY
22.01.2020 10:00:00.000 GMT-0800,83.547,83.555,83.541,0.83543,70.31,CADJPY
22.01.2020 10:30:00.000 GMT-0800,83.603,83.607,83.602,0.83602,42.5,CADJPY
22.01.2020 11:00:00.000 GMT-0800,83.585,83.601,83.585,0.83601,138.88,CADJPY
22.01.2020 11:30:00.000 GMT-0800,83.574,83.584,83.571,0.83581,28.75,CADJPY
22.01.2020 12:00:00.000 GMT-0800,83.609,83.627,83.609,0.83621,133.45,CADJPY
22.01.2020 12:30:00.000 GMT-0800,83.612,83.625,83.611,0.83625,52.13,CADJPY
22.01.2020 13:00:00.000 GMT-0800,83.616,83.628,83.616,0.83622,64.84,CADJPY
22.01.2020 13:30:00.000 GMT-0800,83.643,83.647,83.638,0.83646,38.31,CADJPY
22.01.2020 14:00:00.000 GMT-0800,83.631,83.637,83.614,0.83629,17.42,CADJPY
22.01.2020 14:30:00.000 GMT-0800,83.633,83.634,83.631,0.83633,24.32,CADJPY
22.01.2020 15:00:00.000 GMT-0800,83.62,83.62,83.605,0.83606,209.67,CADJPY
22.01.2020 15:30:00.000 GMT-0800,83.575,83.58,83.575,0.83579,84.23,CADJPY
22.01.2020 16:00:00.000 GMT-0800,83.504,83.52,83.497,0.83511,266.99,CADJPY
22.01.2020 16:30:00.000 GMT-0800,83.435,83.49,83.435,0.83469,267.26,CADJPY
22.01.2020 17:00:00.000 GMT-0800,83.378,83.392,83.347,0.83348,300.75,CADJPY
22.01.2020 17:30:00.000 GMT-0800,83.329,83.337,83.327,0.83336,161.95,CADJPY
22.01.2020 18:00:00.000 GMT-0800,83.355,83.359,83.351,0.83354,88.65,CADJPY
22.01.2020 18:30:00.000 GMT-0800,83.368,83.368,83.363,0.83364,41.6,CADJPY
22.01.2020 19:00:00.000 GMT-0800,83.344,83.345,83.34,0.8334,16.5,CADJPY
22.01.2020 19:30:00.000 GMT-0800,83.308,83.313,83.306,0.83307,48.84,CADJPY
22.01.2020 20:00:00.000 GMT-0800,83.27,83.27,83.255,0.83257,55.6,CADJPY
22.01.2020 20:30:00.000 GMT-0800,83.255,83.26,83.255,0.8326,27.96,CADJPY
22.01.2020 21:00:00.000 GMT-0800,83.268,83.272,83.261,0.83262,54.94,CADJPY
22.01.2020 21:30:00.000 GMT-0800,83.233,83.239,83.23,0.83236,76.26,CADJPY
22.01.2020 22:00:00.000 GMT-0800,83.228,83.231,83.217,0.83221,63.57,CADJPY
22.01.2020 22:30:00.000 GMT-0800,83.178,83.183,83.178,0.83181,17.57,CADJPY
22.01.2020 23:00:00.000 GMT-0800,83.227,83.253,83.224,0.83252,95.22,CADJPY
22.01.2020 23:30:00.000 GMT-0800,83.293,83.319,83.293,0.83312,112.84,CADJPY
23.01.2020 00:00:00.000 GMT-0800,83.298,83.303,83.287,0.83288,219.93,CADJPY
23.01.2020 00:30:00.000 GMT-0800,83.255,83.279,83.255,0.83279,112.75,CADJPY
23.01.2020 01:00:00.000 GMT-0800,83.234,83.234,83.221,0.83222,117.87,CADJPY
23.01.2020 01:30:00.000 GMT-0800,83.225,83.238,83.224,0.83236,70.72,CADJPY
23.01.2020 02:00:00.000 GMT-0800,83.218,83.218,83.205,0.8321,96.21,CADJPY
23.01.2020 02:30:00.000 GMT-0800,83.22,83.221,83.219,0.83221,32.31,CADJPY
23.01.2020 03:00:00.000 GMT-0800,83.248,83.258,83.247,0.83258,54.07,CADJPY
23.01.2020 03:30:00.000 GMT-0800,83.297,83.298,83.293,0.83298,72.98,CADJPY
23.01.2020 04:00:00.000 GMT-0800,83.341,83.344,83.334,0.8334,77.07,CADJPY
23.01.2020 04:30:00.000 GMT-0800,83.302,83.302,83.292,0.83294,90.03,CADJPY
23.01.2020 05:00:00.000 GMT-0800,83.282,83.305,83.282,0.83305,90.63,CADJPY
23.01.2020 05:30:00.000 GMT-0800,83.208,83.234,83.205,0.83231,170.32,CADJPY
23.01.2020 06:00:00.000 GMT-0800,83.227,83.238,83.22,0.83238,168.11,CADJPY
23.01.2020 06:30:00.000 GMT-0800,83.196,83.203,83.164,0.83173,256.44,CADJPY
23.01.2020 07:00:00.000 GMT-0800,83.214,83.233,83.206,0.8321,277.25,CADJPY
23.01.2020 07:30:00.000 GMT-0800,83.204,83.222,83.188,0.83189,167.37,CADJPY
23.01.2020 08:00:00.000 GMT-0800,83.19,83.213,83.187,0.83207,295.14,CADJPY
23.01.2020 08:30:00.000 GMT-0800,83.091,83.106,83.088,0.83102,151.55,CADJPY
23.01.2020 09:00:00.000 GMT-0800,83.231,83.24,83.228,0.83228,143.18,CADJPY
23.01.2020 09:30:00.000 GMT-0800,83.253,83.254,83.248,0.83249,37.25,CADJPY
23.01.2020 10:00:00.000 GMT-0800,83.243,83.25,83.234,0.83236,149.6,CADJPY
23.01.2020 10:30:00.000 GMT-0800,83.278,83.284,83.278,0.83281,51.05,CADJPY
23.01.2020 11:00:00.000 GMT-0800,83.338,83.347,83.333,0.83335,86.94,CADJPY
23.01.2020 11:30:00.000 GMT-0800,83.4,83.407,83.384,0.83384,76.92,CADJPY
23.01.2020 12:00:00.000 GMT-0800,83.429,83.433,83.416,0.83417,73.19,CADJPY
23.01.2020 12:30:00.000 GMT-0800,83.414,83.415,83.408,0.83415,97.5,CADJPY
23.01.2020 13:00:00.000 GMT-0800,83.388,83.392,83.385,0.8339,53.86,CADJPY
23.01.2020 13:30:00.000 GMT-0800,83.41,83.411,83.409,0.8341,26.75,CADJPY
23.01.2020 14:00:00.000 GMT-0800,83.415,83.427,83.413,0.83421,12.54,CADJPY
23.01.2020 14:30:00.000 GMT-0800,83.431,83.438,83.431,0.83438,18.86,CADJPY
23.01.2020 15:00:00.000 GMT-0800,83.449,83.451,83.43,0.83431,64.52,CADJPY
23.01.2020 15:30:00.000 GMT-0800,83.444,83.452,83.444,0.83452,48.25,CADJPY
23.01.2020 16:00:00.000 GMT-0800,83.468,83.471,83.458,0.83462,155.7,CADJPY
23.01.2020 16:30:00.000 GMT-0800,83.423,83.439,83.423,0.83438,73.93,CADJPY
23.01.2020 17:00:00.000 GMT-0800,83.425,83.425,83.415,0.83417,57.19,CADJPY
23.01.2020 17:30:00.000 GMT-0800,83.433,83.433,83.422,0.83428,89.67,CADJPY
23.01.2020 18:00:00.000 GMT-0800,83.39,83.39,83.38,0.83384,45.57,CADJPY
23.01.2020 18:30:00.000 GMT-0800,83.393,83.394,83.381,0.83386,65.76,CADJPY
23.01.2020 19:00:00.000 GMT-0800,83.401,83.401,83.396,0.83396,6,CADJPY
23.01.2020 19:30:00.000 GMT-0800,83.374,83.375,83.37,0.8337,18.75,CADJPY
23.01.2020 20:00:00.000 GMT-0800,83.387,83.389,83.386,0.83386,7,CADJPY
23.01.2020 20:30:00.000 GMT-0800,83.416,83.433,83.416,0.83433,44.11,CADJPY
23.01.2020 21:00:00.000 GMT-0800,83.448,83.452,83.446,0.83448,45.69,CADJPY
23.01.2020 21:30:00.000 GMT-0800,83.453,83.453,83.452,0.83453,6,CADJPY
23.01.2020 22:00:00.000 GMT-0800,83.448,83.457,83.443,0.8345,129.15,CADJPY
23.01.2020 22:30:00.000 GMT-0800,83.43,83.435,83.429,0.83432,79.66,CADJPY
23.01.2020 23:00:00.000 GMT-0800,83.456,83.456,83.448,0.83448,59.73,CADJPY
23.01.2020 23:30:00.000 GMT-0800,83.415,83.429,83.415,0.83426,52.87,CADJPY
24.01.2020 00:00:00.000 GMT-0800,83.434,83.442,83.428,0.83437,170.25,CADJPY
24.01.2020 00:30:00.000 GMT-0800,83.493,83.555,83.493,0.83518,286.32,CADJPY
24.01.2020 01:00:00.000 GMT-0800,83.538,83.539,83.53,0.83535,96.5,CADJPY
24.01.2020 01:30:00.000 GMT-0800,83.519,83.559,83.519,0.83526,370.38,CADJPY
24.01.2020 02:00:00.000 GMT-0800,83.421,83.422,83.398,0.83398,86.57,CADJPY
24.01.2020 02:30:00.000 GMT-0800,83.398,83.398,83.392,0.83393,67.69,CADJPY
24.01.2020 03:00:00.000 GMT-0800,83.381,83.383,83.375,0.83375,28.5,CADJPY
24.01.2020 03:30:00.000 GMT-0800,83.451,83.454,83.443,0.83443,48.66,CADJPY
24.01.2020 04:00:00.000 GMT-0800,83.457,83.466,83.455,0.83462,66.21,CADJPY
24.01.2020 04:30:00.000 GMT-0800,83.446,83.447,83.442,0.83446,54.3,CADJPY
24.01.2020 05:00:00.000 GMT-0800,83.436,83.446,83.434,0.8344,56.76,CADJPY
24.01.2020 05:30:00.000 GMT-0800,83.493,83.534,83.41,0.83429,453.85,CADJPY
24.01.2020 06:00:00.000 GMT-0800,83.455,83.464,83.452,0.83455,115.3,CADJPY
24.01.2020 06:30:00.000 GMT-0800,83.414,83.42,83.41,0.83413,174.22,CADJPY
24.01.2020 07:00:00.000 GMT-0800,83.315,83.405,83.308,0.83374,361.45,CADJPY
24.01.2020 07:30:00.000 GMT-0800,83.224,83.243,83.224,0.83243,209.41,CADJPY
24.01.2020 08:00:00.000 GMT-0800,83.306,83.306,83.271,0.83282,205.89,CADJPY
24.01.2020 08:30:00.000 GMT-0800,83.207,83.213,83.201,0.83207,133.35,CADJPY
24.01.2020 09:00:00.000 GMT-0800,83.157,83.157,83.136,0.83145,118.23,CADJPY
24.01.2020 09:30:00.000 GMT-0800,83.131,83.14,83.117,0.83138,106.62,CADJPY
24.01.2020 10:00:00.000 GMT-0800,83.187,83.191,83.178,0.83182,51.06,CADJPY
24.01.2020 10:30:00.000 GMT-0800,83.154,83.154,83.141,0.83147,136.68,CADJPY
24.01.2020 11:00:00.000 GMT-0800,83.13,83.134,83.126,0.83127,127.07,CADJPY
24.01.2020 11:30:00.000 GMT-0800,83.049,83.084,83.049,0.8308,155.42,CADJPY
24.01.2020 12:00:00.000 GMT-0800,83.138,83.15,83.133,0.83133,84.25,CADJPY
24.01.2020 12:30:00.000 GMT-0800,83.163,83.163,83.146,0.83151,113.82,CADJPY
24.01.2020 13:00:00.000 GMT-0800,83.165,83.166,83.156,0.83164,132.56,CADJPY
24.01.2020 13:30:00.000 GMT-0800,83.114,83.116,83.114,0.83116,69.08,CADJPY
26.01.2020 14:00:00.000 GMT-0800,82.832,82.844,82.83,0.82844,36.75,CADJPY
26.01.2020 14:30:00.000 GMT-0800,82.82,82.856,82.82,0.82852,101.43,CADJPY
26.01.2020 15:00:00.000 GMT-0800,82.828,82.86,82.802,0.8281,314.29,CADJPY
26.01.2020 15:30:00.000 GMT-0800,82.678,82.688,82.66,0.82684,260.39,CADJPY
26.01.2020 16:00:00.000 GMT-0800,82.669,82.711,82.664,0.82704,249.24,CADJPY
26.01.2020 16:30:00.000 GMT-0800,82.883,82.888,82.859,0.82865,284.26,CADJPY
26.01.2020 17:00:00.000 GMT-0800,82.913,82.915,82.899,0.829,134.91,CADJPY
26.01.2020 17:30:00.000 GMT-0800,82.871,82.876,82.862,0.82864,61.74,CADJPY
26.01.2020 18:00:00.000 GMT-0800,82.829,82.831,82.813,0.82818,79.26,CADJPY
26.01.2020 18:30:00.000 GMT-0800,82.766,82.768,82.758,0.82759,57,CADJPY
26.01.2020 19:00:00.000 GMT-0800,82.76,82.775,82.76,0.82775,65.75,CADJPY
26.01.2020 19:30:00.000 GMT-0800,82.816,82.822,82.814,0.82821,72.5,CADJPY
26.01.2020 20:00:00.000 GMT-0800,82.866,82.871,82.863,0.82863,79.18,CADJPY
26.01.2020 20:30:00.000 GMT-0800,82.88,82.891,82.88,0.82887,88.11,CADJPY
26.01.2020 21:00:00.000 GMT-0800,82.909,82.912,82.904,0.82909,68.19,CADJPY
26.01.2020 21:30:00.000 GMT-0800,82.875,82.89,82.874,0.82886,73.06,CADJPY
26.01.2020 22:00:00.000 GMT-0800,82.871,82.875,82.869,0.82869,120.25,CADJPY
26.01.2020 22:30:00.000 GMT-0800,82.867,82.871,82.863,0.8287,72.5,CADJPY
26.01.2020 23:00:00.000 GMT-0800,82.857,82.883,82.855,0.8287,128.12,CADJPY
26.01.2020 23:30:00.000 GMT-0800,82.846,82.85,82.839,0.82845,64.75,CADJPY
27.01.2020 00:00:00.000 GMT-0800,82.794,82.796,82.776,0.82791,209.68,CADJPY
27.01.2020 00:30:00.000 GMT-0800,82.847,82.854,82.839,0.82841,100.94,CADJPY
27.01.2020 01:00:00.000 GMT-0800,82.721,82.723,82.687,0.82688,181.56,CADJPY
27.01.2020 01:30:00.000 GMT-0800,82.589,82.618,82.589,0.82611,140.6,CADJPY
27.01.2020 02:00:00.000 GMT-0800,82.603,82.609,82.593,0.82607,82.73,CADJPY
27.01.2020 02:30:00.000 GMT-0800,82.588,82.596,82.58,0.82596,111.9,CADJPY
27.01.2020 03:00:00.000 GMT-0800,82.571,82.572,82.53,0.82532,203.13,CADJPY
27.01.2020 03:30:00.000 GMT-0800,82.62,82.642,82.62,0.82642,143.92,CADJPY
27.01.2020 04:00:00.000 GMT-0800,82.647,82.668,82.647,0.82651,145.65,CADJPY
27.01.2020 04:30:00.000 GMT-0800,82.665,82.687,82.658,0.82687,138.59,CADJPY
27.01.2020 05:00:00.000 GMT-0800,82.644,82.667,82.643,0.82643,165.65,CADJPY
27.01.2020 05:30:00.000 GMT-0800,82.687,82.688,82.671,0.8268,138.87,CADJPY
27.01.2020 06:00:00.000 GMT-0800,82.722,82.737,82.719,0.82737,91.33,CADJPY
27.01.2020 06:30:00.000 GMT-0800,82.522,82.526,82.474,0.82502,406.84,CADJPY
27.01.2020 07:00:00.000 GMT-0800,82.667,82.677,82.661,0.82673,231.2,CADJPY
27.01.2020 07:30:00.000 GMT-0800,82.66,82.665,82.623,0.82623,163.79,CADJPY
27.01.2020 08:00:00.000 GMT-0800,82.648,82.65,82.628,0.82648,229.73,CADJPY
27.01.2020 08:30:00.000 GMT-0800,82.645,82.657,82.638,0.82655,200.76,CADJPY
27.01.2020 09:00:00.000 GMT-0800,82.69,82.709,82.684,0.827,220.27,CADJPY
27.01.2020 09:30:00.000 GMT-0800,82.734,82.735,82.727,0.82728,60.69,CADJPY
27.01.2020 10:00:00.000 GMT-0800,82.725,82.738,82.725,0.82728,108.65,CADJPY
27.01.2020 10:30:00.000 GMT-0800,82.735,82.736,82.725,0.82727,50.5,CADJPY
27.01.2020 11:00:00.000 GMT-0800,82.711,82.711,82.692,0.82694,150.49,CADJPY
27.01.2020 11:30:00.000 GMT-0800,82.7,82.702,82.693,0.82702,61.17,CADJPY
27.01.2020 12:00:00.000 GMT-0800,82.632,82.644,82.628,0.82644,119.2,CADJPY
27.01.2020 12:30:00.000 GMT-0800,82.64,82.64,82.627,0.82627,84.25,CADJPY
27.01.2020 13:00:00.000 GMT-0800,82.576,82.597,82.574,0.82597,54.41,CADJPY
27.01.2020 13:30:00.000 GMT-0800,82.562,82.562,82.553,0.82553,50.79,CADJPY
27.01.2020 14:00:00.000 GMT-0800,82.535,82.544,82.529,0.82534,78.06,CADJPY
27.01.2020 14:30:00.000 GMT-0800,82.562,82.562,82.561,0.82562,28.82,CADJPY
27.01.2020 15:00:00.000 GMT-0800,82.568,82.568,82.542,0.82547,129.54,CADJPY
27.01.2020 15:30:00.000 GMT-0800,82.592,82.596,82.588,0.82596,98.98,CADJPY
27.01.2020 16:00:00.000 GMT-0800,82.604,82.605,82.592,0.82596,108.53,CADJPY
27.01.2020 16:30:00.000 GMT-0800,82.613,82.616,82.607,0.82614,76.07,CADJPY
27.01.2020 17:00:00.000 GMT-0800,82.535,82.545,82.531,0.82545,187.7,CADJPY
27.01.2020 17:30:00.000 GMT-0800,82.617,82.625,82.61,0.82614,129.57,CADJPY
27.01.2020 18:00:00.000 GMT-0800,82.668,82.673,82.658,0.82658,74.76,CADJPY
27.01.2020 18:30:00.000 GMT-0800,82.605,82.608,82.603,0.82604,46,CADJPY
27.01.2020 19:00:00.000 GMT-0800,82.656,82.656,82.653,0.82656,22.16,CADJPY
27.01.2020 19:30:00.000 GMT-0800,82.634,82.643,82.634,0.82637,67.01,CADJPY
27.01.2020 20:00:00.000 GMT-0800,82.654,82.655,82.649,0.8265,35.12,CADJPY
27.01.2020 20:30:00.000 GMT-0800,82.649,82.652,82.647,0.82648,44.81,CADJPY
27.01.2020 21:00:00.000 GMT-0800,82.653,82.655,82.652,0.82652,23.81,CADJPY
27.01.2020 21:30:00.000 GMT-0800,82.644,82.658,82.642,0.82653,100.1,CADJPY
27.01.2020 22:00:00.000 GMT-0800,82.714,82.714,82.689,0.82695,143.29,CADJPY
27.01.2020 22:30:00.000 GMT-0800,82.712,82.715,82.71,0.82713,54.29,CADJPY
27.01.2020 23:00:00.000 GMT-0800,82.731,82.733,82.716,0.8272,151.25,CADJPY
27.01.2020 23:30:00.000 GMT-0800,82.722,82.732,82.717,0.8273,104.74,CADJPY
28.01.2020 00:00:00.000 GMT-0800,82.721,82.721,82.688,0.82697,199.51,CADJPY
28.01.2020 00:30:00.000 GMT-0800,82.572,82.576,82.568,0.82574,104.19,CADJPY
28.01.2020 01:00:00.000 GMT-0800,82.524,82.524,82.474,0.82474,195.08,CADJPY
28.01.2020 01:30:00.000 GMT-0800,82.42,82.426,82.413,0.82421,92.56,CADJPY
28.01.2020 02:00:00.000 GMT-0800,82.456,82.467,82.45,0.82458,106.18,CADJPY
28.01.2020 02:30:00.000 GMT-0800,82.437,82.452,82.437,0.82448,93.64,CADJPY
28.01.2020 03:00:00.000 GMT-0800,82.464,82.469,82.459,0.82464,58.01,CADJPY
28.01.2020 03:30:00.000 GMT-0800,82.434,82.434,82.426,0.82429,49.13,CADJPY
28.01.2020 04:00:00.000 GMT-0800,82.529,82.532,82.515,0.82516,85.9,CADJPY
28.01.2020 04:30:00.000 GMT-0800,82.58,82.585,82.572,0.82576,137.09,CADJPY
28.01.2020 05:00:00.000 GMT-0800,82.695,82.696,82.675,0.82676,103.7,CADJPY
28.01.2020 05:30:00.000 GMT-0800,82.641,82.658,82.632,0.82651,201.31,CADJPY
28.01.2020 06:00:00.000 GMT-0800,82.659,82.659,82.646,0.82652,72.22,CADJPY
28.01.2020 06:30:00.000 GMT-0800,82.574,82.601,82.568,0.8259,245.83,CADJPY
28.01.2020 07:00:00.000 GMT-0800,82.695,82.754,82.692,0.82735,400.26,CADJPY
28.01.2020 07:30:00.000 GMT-0800,82.846,82.86,82.825,0.82836,187.65,CADJPY
28.01.2020 08:00:00.000 GMT-0800,82.797,82.807,82.792,0.82797,205.79,CADJPY
28.01.2020 08:30:00.000 GMT-0800,82.854,82.858,82.843,0.8285,68.62,CADJPY
28.01.2020 09:00:00.000 GMT-0800,82.861,82.862,82.851,0.82854,67.75,CADJPY
28.01.2020 09:30:00.000 GMT-0800,82.839,82.84,82.832,0.82833,43.75,CADJPY
28.01.2020 10:00:00.000 GMT-0800,82.814,82.817,82.799,0.82801,65.5,CADJPY
28.01.2020 10:30:00.000 GMT-0800,82.802,82.805,82.794,0.82798,76.6,CADJPY
28.01.2020 11:00:00.000 GMT-0800,82.836,82.851,82.836,0.82848,105.86,CADJPY
28.01.2020 11:30:00.000 GMT-0800,82.872,82.878,82.872,0.82873,37.38,CADJPY
28.01.2020 12:00:00.000 GMT-0800,82.876,82.878,82.853,0.82855,107.51,CADJPY
28.01.2020 12:30:00.000 GMT-0800,82.874,82.88,82.871,0.8288,63.1,CADJPY
28.01.2020 13:00:00.000 GMT-0800,82.884,82.897,82.881,0.82894,79.86,CADJPY
28.01.2020 13:30:00.000 GMT-0800,82.915,82.933,82.915,0.82933,209.47,CADJPY
28.01.2020 14:00:00.000 GMT-0800,82.979,82.979,82.933,0.82969,31.5,CADJPY
28.01.2020 14:30:00.000 GMT-0800,82.968,82.991,82.968,0.82984,104.51,CADJPY
28.01.2020 15:00:00.000 GMT-0800,83.019,83.02,82.975,0.82986,146.79,CADJPY
28.01.2020 15:30:00.000 GMT-0800,82.924,82.938,82.922,0.82935,99.52,CADJPY
28.01.2020 16:00:00.000 GMT-0800,82.91,82.912,82.895,0.8291,112.8,CADJPY
28.01.2020 16:30:00.000 GMT-0800,82.87,82.905,82.869,0.82905,107.07,CADJPY
28.01.2020 17:00:00.000 GMT-0800,82.892,82.892,82.874,0.82876,59.08,CADJPY
28.01.2020 17:30:00.000 GMT-0800,82.938,82.958,82.938,0.82942,163.1,CADJPY
28.01.2020 18:00:00.000 GMT-0800,82.952,82.96,82.951,0.82956,104.76,CADJPY
28.01.2020 18:30:00.000 GMT-0800,82.961,82.963,82.958,0.8296,47,CADJPY
28.01.2020 19:00:00.000 GMT-0800,82.949,82.959,82.949,0.82959,30.08,CADJPY
28.01.2020 19:30:00.000 GMT-0800,82.979,82.979,82.969,0.82969,28,CADJPY
28.01.2020 20:00:00.000 GMT-0800,82.991,82.991,82.986,0.82989,52.89,CADJPY
28.01.2020 20:30:00.000 GMT-0800,82.97,82.971,82.968,0.82968,27.62,CADJPY
28.01.2020 21:00:00.000 GMT-0800,82.965,82.969,82.961,0.82962,42.38,CADJPY
28.01.2020 21:30:00.000 GMT-0800,82.914,82.917,82.912,0.82915,22.5,CADJPY
28.01.2020 22:00:00.000 GMT-0800,82.908,82.908,82.899,0.82901,33.35,CADJPY
28.01.2020 22:30:00.000 GMT-0800,82.908,82.917,82.907,0.82915,32.75,CADJPY
28.01.2020 23:00:00.000 GMT-0800,82.896,82.899,82.878,0.82879,70.14,CADJPY
28.01.2020 23:30:00.000 GMT-0800,82.824,82.828,82.819,0.82827,65.69,CADJPY
29.01.2020 00:00:00.000 GMT-0800,82.835,82.837,82.81,0.82822,217.48,CADJPY
29.01.2020 00:30:00.000 GMT-0800,82.901,82.915,82.899,0.82911,86.73,CADJPY
29.01.2020 01:00:00.000 GMT-0800,82.839,82.848,82.835,0.82843,98.1,CADJPY
29.01.2020 01:30:00.000 GMT-0800,82.763,82.768,82.752,0.82755,60,CADJPY
29.01.2020 02:00:00.000 GMT-0800,82.768,82.777,82.767,0.82774,66.55,CADJPY
29.01.2020 02:30:00.000 GMT-0800,82.776,82.78,82.771,0.82774,56.75,CADJPY
29.01.2020 03:00:00.000 GMT-0800,82.804,82.809,82.791,0.82791,91.75,CADJPY
29.01.2020 03:30:00.000 GMT-0800,82.755,82.763,82.754,0.8276,57.92,CADJPY
29.01.2020 04:00:00.000 GMT-0800,82.77,82.775,82.768,0.82773,53.04,CADJPY
29.01.2020 04:30:00.000 GMT-0800,82.809,82.811,82.796,0.828,78.61,CADJPY
29.01.2020 05:00:00.000 GMT-0800,82.782,82.792,82.782,0.82792,85.37,CADJPY
29.01.2020 05:30:00.000 GMT-0800,82.817,82.825,82.807,0.82809,100.83,CADJPY
29.01.2020 06:00:00.000 GMT-0800,82.756,82.771,82.754,0.82769,85.22,CADJPY
29.01.2020 06:30:00.000 GMT-0800,82.778,82.793,82.77,0.82787,177.39,CADJPY
29.01.2020 07:00:00.000 GMT-0800,82.676,82.678,82.634,0.82637,302.78,CADJPY
29.01.2020 07:30:00.000 GMT-0800,82.643,82.643,82.617,0.82634,199.22,CADJPY
29.01.2020 08:00:00.000 GMT-0800,82.665,82.693,82.665,0.82689,193.63,CADJPY
29.01.2020 08:30:00.000 GMT-0800,82.687,82.692,82.685,0.82687,66.62,CADJPY
29.01.2020 09:00:00.000 GMT-0800,82.69,82.704,82.689,0.82704,170.04,CADJPY
29.01.2020 09:30:00.000 GMT-0800,82.69,82.692,82.685,0.82688,60.7,CADJPY
29.01.2020 10:00:00.000 GMT-0800,82.693,82.695,82.686,0.82687,63.32,CADJPY
29.01.2020 10:30:00.000 GMT-0800,82.721,82.725,82.721,0.82725,16.52,CADJPY
29.01.2020 11:00:00.000 GMT-0800,82.7,82.739,82.696,0.82705,206.81,CADJPY
29.01.2020 11:30:00.000 GMT-0800,82.737,82.744,82.736,0.82737,47.41,CADJPY
29.01.2020 12:00:00.000 GMT-0800,82.649,82.669,82.649,0.82658,197.06,CADJPY
29.01.2020 12:30:00.000 GMT-0800,82.658,82.659,82.643,0.82647,139,CADJPY
29.01.2020 13:00:00.000 GMT-0800,82.602,82.602,82.59,0.82591,65.33,CADJPY
29.01.2020 13:30:00.000 GMT-0800,82.619,82.619,82.598,0.82599,73.25,CADJPY
29.01.2020 14:00:00.000 GMT-0800,82.607,82.635,82.579,0.82591,31.28,CADJPY
29.01.2020 14:30:00.000 GMT-0800,82.655,82.656,82.632,0.82633,145.55,CADJPY
29.01.2020 15:00:00.000 GMT-0800,82.593,82.626,82.592,0.82609,187.38,CADJPY
29.01.2020 15:30:00.000 GMT-0800,82.617,82.619,82.615,0.82617,49.88,CADJPY
29.01.2020 16:00:00.000 GMT-0800,82.581,82.604,82.581,0.82602,172.41,CADJPY
29.01.2020 16:30:00.000 GMT-0800,82.549,82.557,82.54,0.82545,100.5,CADJPY
29.01.2020 17:00:00.000 GMT-0800,82.546,82.555,82.546,0.82555,76.28,CADJPY
29.01.2020 17:30:00.000 GMT-0800,82.534,82.552,82.534,0.82552,102.73,CADJPY
29.01.2020 18:00:00.000 GMT-0800,82.539,82.545,82.531,0.82536,180.03,CADJPY
29.01.2020 18:30:00.000 GMT-0800,82.493,82.505,82.493,0.82504,207.64,CADJPY
29.01.2020 19:00:00.000 GMT-0800,82.474,82.477,82.468,0.82477,83.44,CADJPY
29.01.2020 19:30:00.000 GMT-0800,82.513,82.517,82.508,0.82515,93.56,CADJPY
29.01.2020 20:00:00.000 GMT-0800,82.48,82.48,82.47,0.82474,177.52,CADJPY
29.01.2020 20:30:00.000 GMT-0800,82.486,82.488,82.484,0.82485,29.95,CADJPY
29.01.2020 21:00:00.000 GMT-0800,82.49,82.499,82.486,0.82496,64.9,CADJPY
29.01.2020 21:30:00.000 GMT-0800,82.496,82.501,82.49,0.82501,59.08,CADJPY
29.01.2020 22:00:00.000 GMT-0800,82.497,82.501,82.491,0.82491,93.48,CADJPY
29.01.2020 22:30:00.000 GMT-0800,82.483,82.489,82.478,0.82483,60.3,CADJPY
29.01.2020 23:00:00.000 GMT-0800,82.463,82.481,82.43,0.82435,248.74,CADJPY
29.01.2020 23:30:00.000 GMT-0800,82.338,82.359,82.333,0.82358,128.26,CADJPY
30.01.2020 00:00:00.000 GMT-0800,82.353,82.353,82.333,0.82334,180.18,CADJPY
30.01.2020 00:30:00.000 GMT-0800,82.357,82.366,82.337,0.8235,174.72,CADJPY
30.01.2020 01:00:00.000 GMT-0800,82.384,82.385,82.37,0.82373,110.37,CADJPY
30.01.2020 01:30:00.000 GMT-0800,82.445,82.445,82.428,0.82434,92.51,CADJPY
30.01.2020 02:00:00.000 GMT-0800,82.396,82.406,82.393,0.82393,89.51,CADJPY
30.01.2020 02:30:00.000 GMT-0800,82.372,82.372,82.359,0.82364,66.81,CADJPY
30.01.2020 03:00:00.000 GMT-0800,82.395,82.398,82.392,0.82395,67.57,CADJPY
30.01.2020 03:30:00.000 GMT-0800,82.332,82.332,82.323,0.82325,85.98,CADJPY
30.01.2020 04:00:00.000 GMT-0800,82.363,82.373,82.343,0.82348,180.16,CADJPY
30.01.2020 04:30:00.000 GMT-0800,82.339,82.339,82.329,0.82329,112.76,CADJPY
30.01.2020 05:00:00.000 GMT-0800,82.271,82.303,82.271,0.82296,125.45,CADJPY
30.01.2020 05:30:00.000 GMT-0800,82.392,82.392,82.343,0.82366,328.31,CADJPY
30.01.2020 06:00:00.000 GMT-0800,82.438,82.442,82.419,0.82428,188.12,CADJPY
30.01.2020 06:30:00.000 GMT-0800,82.37,82.391,82.37,0.82386,255.12,CADJPY
30.01.2020 07:00:00.000 GMT-0800,82.413,82.413,82.396,0.82405,148.5,CADJPY
30.01.2020 07:30:00.000 GMT-0800,82.368,82.369,82.334,0.82357,201.19,CADJPY
30.01.2020 08:00:00.000 GMT-0800,82.184,82.195,82.161,0.82162,236.72,CADJPY
30.01.2020 08:30:00.000 GMT-0800,82.255,82.255,82.243,0.82251,120.51,CADJPY
30.01.2020 09:00:00.000 GMT-0800,82.282,82.285,82.277,0.82282,64.12,CADJPY
30.01.2020 09:30:00.000 GMT-0800,82.224,82.238,82.223,0.82231,100,CADJPY
30.01.2020 10:00:00.000 GMT-0800,82.164,82.17,82.147,0.82151,143.6,CADJPY
30.01.2020 10:30:00.000 GMT-0800,82.159,82.163,82.145,0.82149,67.31,CADJPY
30.01.2020 11:00:00.000 GMT-0800,82.174,82.184,82.174,0.82182,91.36,CADJPY
30.01.2020 11:30:00.000 GMT-0800,82.237,82.239,82.233,0.82236,56.8,CADJPY
30.01.2020 12:00:00.000 GMT-0800,82.283,82.326,82.283,0.82311,648.82,CADJPY
30.01.2020 12:30:00.000 GMT-0800,82.42,82.464,82.414,0.8245,214.71,CADJPY
30.01.2020 13:00:00.000 GMT-0800,82.559,82.577,82.552,0.82574,68.92,CADJPY
30.01.2020 13:30:00.000 GMT-0800,82.576,82.582,82.572,0.82582,37.32,CADJPY
30.01.2020 14:00:00.000 GMT-0800,82.505,82.636,82.505,0.82568,65.7,CADJPY
30.01.2020 14:30:00.000 GMT-0800,82.508,82.513,82.507,0.82511,58.02,CADJPY
30.01.2020 15:00:00.000 GMT-0800,82.491,82.491,82.445,0.82446,209.5,CADJPY
30.01.2020 15:30:00.000 GMT-0800,82.453,82.457,82.446,0.82453,90.02,CADJPY
30.01.2020 16:00:00.000 GMT-0800,82.42,82.441,82.42,0.8243,220.65,CADJPY
30.01.2020 16:30:00.000 GMT-0800,82.473,82.474,82.466,0.82469,55.39,CADJPY
30.01.2020 17:00:00.000 GMT-0800,82.622,82.653,82.604,0.82641,271.78,CADJPY
30.01.2020 17:30:00.000 GMT-0800,82.653,82.656,82.647,0.82651,81.68,CADJPY
30.01.2020 18:00:00.000 GMT-0800,82.592,82.613,82.59,0.82599,110.02,CADJPY
30.01.2020 18:30:00.000 GMT-0800,82.61,82.627,82.61,0.82625,77.8,CADJPY
30.01.2020 19:00:00.000 GMT-0800,82.588,82.589,82.579,0.8258,36.5,CADJPY
30.01.2020 19:30:00.000 GMT-0800,82.574,82.577,82.572,0.82576,30.68,CADJPY
30.01.2020 20:00:00.000 GMT-0800,82.602,82.602,82.598,0.82601,48.25,CADJPY
30.01.2020 20:30:00.000 GMT-0800,82.574,82.581,82.572,0.82579,50.6,CADJPY
30.01.2020 21:00:00.000 GMT-0800,82.625,82.647,82.625,0.82645,91.44,CADJPY
30.01.2020 21:30:00.000 GMT-0800,82.612,82.616,82.609,0.82616,71.38,CADJPY
30.01.2020 22:00:00.000 GMT-0800,82.585,82.586,82.552,0.82561,215.19,CADJPY
30.01.2020 22:30:00.000 GMT-0800,82.544,82.545,82.536,0.8254,73.49,CADJPY
30.01.2020 23:00:00.000 GMT-0800,82.518,82.519,82.498,0.82506,108.76,CADJPY
30.01.2020 23:30:00.000 GMT-0800,82.534,82.543,82.533,0.82542,49,CADJPY
31.01.2020 00:00:00.000 GMT-0800,82.519,82.519,82.504,0.82511,150.81,CADJPY
31.01.2020 00:30:00.000 GMT-0800,82.467,82.473,82.46,0.82462,79.25,CADJPY
31.01.2020 01:00:00.000 GMT-0800,82.434,82.448,82.427,0.82444,118.31,CADJPY
31.01.2020 01:30:00.000 GMT-0800,82.369,82.378,82.367,0.82377,77.62,CADJPY
31.01.2020 02:00:00.000 GMT-0800,82.363,82.363,82.349,0.82354,96.68,CADJPY
31.01.2020 02:30:00.000 GMT-0800,82.287,82.287,82.273,0.8228,123.6,CADJPY
31.01.2020 03:00:00.000 GMT-0800,82.288,82.298,82.279,0.82279,126.22,CADJPY
31.01.2020 03:30:00.000 GMT-0800,82.309,82.315,82.304,0.82312,112.5,CADJPY
31.01.2020 04:00:00.000 GMT-0800,82.296,82.319,82.293,0.82319,127.95,CADJPY
31.01.2020 04:30:00.000 GMT-0800,82.359,82.371,82.358,0.82369,85.61,CADJPY
31.01.2020 05:00:00.000 GMT-0800,82.357,82.362,82.339,0.82353,181.31,CADJPY
31.01.2020 05:30:00.000 GMT-0800,82.257,82.348,82.251,0.82328,367.33,CADJPY
31.01.2020 06:00:00.000 GMT-0800,82.324,82.329,82.32,0.8232,96.73,CADJPY
31.01.2020 06:30:00.000 GMT-0800,82.279,82.294,82.262,0.82267,280.98,CADJPY
31.01.2020 07:00:00.000 GMT-0800,82.25,82.254,82.23,0.82235,184.07,CADJPY
31.01.2020 07:30:00.000 GMT-0800,82.158,82.166,82.15,0.82162,138.45,CADJPY
31.01.2020 08:00:00.000 GMT-0800,81.964,81.992,81.961,0.81963,344.87,CADJPY
31.01.2020 08:30:00.000 GMT-0800,81.938,81.963,81.936,0.81954,283.47,CADJPY
31.01.2020 09:00:00.000 GMT-0800,82.075,82.075,82.05,0.82056,231.05,CADJPY
31.01.2020 09:30:00.000 GMT-0800,81.995,81.996,81.981,0.81983,200.57,CADJPY
31.01.2020 10:00:00.000 GMT-0800,81.934,81.955,81.924,0.81951,222.96,CADJPY
31.01.2020 10:30:00.000 GMT-0800,81.814,81.815,81.801,0.81802,552.51,CADJPY
31.01.2020 11:00:00.000 GMT-0800,81.85,81.87,81.847,0.81866,298.06,CADJPY
31.01.2020 11:30:00.000 GMT-0800,81.846,81.861,81.84,0.81861,251.81,CADJPY
31.01.2020 12:00:00.000 GMT-0800,81.883,81.888,81.864,0.81866,286.32,CADJPY
31.01.2020 12:30:00.000 GMT-0800,81.894,81.897,81.873,0.81873,117.99,CADJPY
31.01.2020 13:00:00.000 GMT-0800,81.866,81.875,81.862,0.81874,12.69,CADJPY
31.01.2020 13:30:00.000 GMT-0800,81.883,81.885,81.878,0.81884,90.16,CADJPY
02.02.2020 14:00:00.000 GMT-0800,81.952,81.957,81.941,0.81952,7.5,CADJPY
02.02.2020 14:30:00.000 GMT-0800,81.891,81.891,81.891,0.81891,9.91,CADJPY
02.02.2020 15:00:00.000 GMT-0800,81.852,81.852,81.817,0.81843,206.76,CADJPY
02.02.2020 15:30:00.000 GMT-0800,81.862,81.865,81.841,0.81852,105.5,CADJPY
02.02.2020 16:00:00.000 GMT-0800,81.859,81.859,81.847,0.81849,136.67,CADJPY
02.02.2020 16:30:00.000 GMT-0800,81.865,81.869,81.86,0.81867,47,CADJPY
02.02.2020 17:00:00.000 GMT-0800,81.921,81.922,81.879,0.81898,262.48,CADJPY
02.02.2020 17:30:00.000 GMT-0800,81.899,81.913,81.884,0.81895,360.83,CADJPY
02.02.2020 18:00:00.000 GMT-0800,82.003,82.005,81.989,0.82002,178.74,CADJPY
02.02.2020 18:30:00.000 GMT-0800,81.948,81.959,81.948,0.81958,108.58,CADJPY
02.02.2020 19:00:00.000 GMT-0800,81.903,81.909,81.901,0.81905,84.11,CADJPY
02.02.2020 19:30:00.000 GMT-0800,81.961,81.966,81.955,0.81959,98.39,CADJPY
02.02.2020 20:00:00.000 GMT-0800,81.972,81.98,81.963,0.81966,64.14,CADJPY
02.02.2020 20:30:00.000 GMT-0800,81.957,81.957,81.949,0.81952,35.61,CADJPY
02.02.2020 21:00:00.000 GMT-0800,81.912,81.917,81.912,0.81915,28.25,CADJPY
02.02.2020 21:30:00.000 GMT-0800,81.965,81.965,81.96,0.81962,80.47,CADJPY
02.02.2020 22:00:00.000 GMT-0800,81.968,81.97,81.954,0.81956,73.16,CADJPY
02.02.2020 22:30:00.000 GMT-0800,81.951,81.955,81.95,0.81954,28,CADJPY
02.02.2020 23:00:00.000 GMT-0800,81.962,81.973,81.936,0.81939,225.98,CADJPY
02.02.2020 23:30:00.000 GMT-0800,82.05,82.065,82.048,0.82064,125.66,CADJPY
03.02.2020 00:00:00.000 GMT-0800,82.059,82.061,82.048,0.82055,297.46,CADJPY
03.02.2020 00:30:00.000 GMT-0800,81.922,81.926,81.917,0.81919,105.96,CADJPY
03.02.2020 01:00:00.000 GMT-0800,82.011,82.012,81.987,0.81995,199.96,CADJPY
03.02.2020 01:30:00.000 GMT-0800,81.951,81.963,81.937,0.81938,118.81,CADJPY
03.02.2020 02:00:00.000 GMT-0800,81.916,81.918,81.909,0.81913,132.76,CADJPY
03.02.2020 02:30:00.000 GMT-0800,81.948,81.949,81.929,0.81934,80.32,CADJPY
03.02.2020 03:00:00.000 GMT-0800,81.865,81.876,81.865,0.81875,105.43,CADJPY
03.02.2020 03:30:00.000 GMT-0800,81.954,81.965,81.954,0.8196,120.97,CADJPY
03.02.2020 04:00:00.000 GMT-0800,81.974,81.98,81.968,0.8197,110.96,CADJPY
03.02.2020 04:30:00.000 GMT-0800,81.99,82.005,81.99,0.81999,91.82,CADJPY
03.02.2020 05:00:00.000 GMT-0800,81.974,81.991,81.964,0.81991,135.13,CADJPY
03.02.2020 05:30:00.000 GMT-0800,82.028,82.028,82.013,0.82013,90.69,CADJPY
03.02.2020 06:00:00.000 GMT-0800,81.963,81.971,81.958,0.81971,126.83,CADJPY
03.02.2020 06:30:00.000 GMT-0800,81.908,81.954,81.905,0.81952,265.16,CADJPY
03.02.2020 07:00:00.000 GMT-0800,82.057,82.185,82.057,0.82164,751.12,CADJPY
03.02.2020 07:30:00.000 GMT-0800,82.129,82.131,82.088,0.82097,232.36,CADJPY
03.02.2020 08:00:00.000 GMT-0800,81.962,81.983,81.953,0.81983,313.52,CADJPY
03.02.2020 08:30:00.000 GMT-0800,81.808,81.844,81.808,0.81841,186.78,CADJPY
03.02.2020 09:00:00.000 GMT-0800,81.68,81.681,81.662,0.81667,179.61,CADJPY
03.02.2020 09:30:00.000 GMT-0800,81.711,81.72,81.71,0.81716,82.3,CADJPY
03.02.2020 10:00:00.000 GMT-0800,81.798,81.807,81.798,0.81805,107.67,CADJPY
03.02.2020 10:30:00.000 GMT-0800,81.726,81.737,81.721,0.81737,95.5,CADJPY
03.02.2020 11:00:00.000 GMT-0800,81.733,81.734,81.724,0.8173,185.74,CADJPY
03.02.2020 11:30:00.000 GMT-0800,81.7,81.71,81.695,0.81704,81.87,CADJPY
03.02.2020 12:00:00.000 GMT-0800,81.742,81.75,81.733,0.81739,66.26,CADJPY
03.02.2020 12:30:00.000 GMT-0800,81.783,81.788,81.773,0.81775,162,CADJPY
03.02.2020 13:00:00.000 GMT-0800,81.737,81.737,81.718,0.81723,103.37,CADJPY
03.02.2020 13:30:00.000 GMT-0800,81.772,81.777,81.771,0.81773,44.55,CADJPY
03.02.2020 14:00:00.000 GMT-0800,81.826,81.829,81.782,0.81807,21.55,CADJPY
03.02.2020 14:30:00.000 GMT-0800,81.778,81.778,81.768,0.81771,116.83,CADJPY
03.02.2020 15:00:00.000 GMT-0800,81.764,81.767,81.703,0.81705,202.75,CADJPY
03.02.2020 15:30:00.000 GMT-0800,81.706,81.709,81.702,0.81709,39.63,CADJPY
03.02.2020 16:00:00.000 GMT-0800,81.701,81.705,81.69,0.81691,82.62,CADJPY
03.02.2020 16:30:00.000 GMT-0800,81.729,81.732,81.723,0.81728,125.41,CADJPY
03.02.2020 17:00:00.000 GMT-0800,81.677,81.767,81.676,0.81718,384.22,CADJPY
03.02.2020 17:30:00.000 GMT-0800,81.667,81.695,81.667,0.81693,304.08,CADJPY
03.02.2020 18:00:00.000 GMT-0800,81.785,81.785,81.762,0.81762,194,CADJPY
03.02.2020 18:30:00.000 GMT-0800,81.742,81.757,81.742,0.8175,131.67,CADJPY
03.02.2020 19:00:00.000 GMT-0800,81.758,81.758,81.743,0.81745,66.95,CADJPY
03.02.2020 19:30:00.000 GMT-0800,81.731,81.775,81.73,0.81775,247.36,CADJPY
03.02.2020 20:00:00.000 GMT-0800,81.787,81.79,81.784,0.81786,87.43,CADJPY
03.02.2020 20:30:00.000 GMT-0800,81.841,81.842,81.822,0.81822,94.37,CADJPY
03.02.2020 21:00:00.000 GMT-0800,81.82,81.832,81.816,0.81818,85.57,CADJPY
03.02.2020 21:30:00.000 GMT-0800,81.832,81.836,81.83,0.81836,43.36,CADJPY
03.02.2020 22:00:00.000 GMT-0800,81.869,81.873,81.857,0.8186,117.61,CADJPY
03.02.2020 22:30:00.000 GMT-0800,81.875,81.875,81.867,0.81868,39.7,CADJPY
03.02.2020 23:00:00.000 GMT-0800,81.97,81.97,81.931,0.81934,195.75,CADJPY
03.02.2020 23:30:00.000 GMT-0800,81.928,81.929,81.916,0.81921,101.44,CADJPY
04.02.2020 00:00:00.000 GMT-0800,82.004,82.004,81.975,0.81975,149.64,CADJPY
04.02.2020 00:30:00.000 GMT-0800,82.153,82.153,82.13,0.82131,144.24,CADJPY
04.02.2020 01:00:00.000 GMT-0800,82.146,82.148,82.135,0.82144,141.75,CADJPY
04.02.2020 01:30:00.000 GMT-0800,82.17,82.19,82.17,0.82189,89.27,CADJPY
04.02.2020 02:00:00.000 GMT-0800,82.181,82.186,82.17,0.8217,125.1,CADJPY
04.02.2020 02:30:00.000 GMT-0800,82.118,82.127,82.116,0.82118,95.63,CADJPY
04.02.2020 03:00:00.000 GMT-0800,82.057,82.06,82.054,0.82058,34.41,CADJPY
04.02.2020 03:30:00.000 GMT-0800,82.095,82.106,82.095,0.82103,40.85,CADJPY
04.02.2020 04:00:00.000 GMT-0800,82.115,82.12,82.111,0.8212,86.76,CADJPY
04.02.2020 04:30:00.000 GMT-0800,82.176,82.196,82.174,0.82177,146.81,CADJPY
04.02.2020 05:00:00.000 GMT-0800,82.181,82.19,82.162,0.82164,133.9,CADJPY
04.02.2020 05:30:00.000 GMT-0800,82.177,82.189,82.177,0.82182,134.75,CADJPY
04.02.2020 06:00:00.000 GMT-0800,82.195,82.212,82.189,0.82189,130.71,CADJPY
04.02.2020 06:30:00.000 GMT-0800,82.204,82.227,82.203,0.82223,379.36,CADJPY
04.02.2020 07:00:00.000 GMT-0800,82.293,82.316,82.265,0.82269,387.61,CADJPY
04.02.2020 07:30:00.000 GMT-0800,82.34,82.342,82.316,0.82324,186.78,CADJPY
04.02.2020 08:00:00.000 GMT-0800,82.334,82.341,82.322,0.82338,226.55,CADJPY
04.02.2020 08:30:00.000 GMT-0800,82.463,82.468,82.445,0.82449,202.37,CADJPY
04.02.2020 09:00:00.000 GMT-0800,82.471,82.474,82.466,0.8247,108.06,CADJPY
04.02.2020 09:30:00.000 GMT-0800,82.495,82.504,82.495,0.82502,142.37,CADJPY
04.02.2020 10:00:00.000 GMT-0800,82.457,82.47,82.454,0.82469,112.29,CADJPY
04.02.2020 10:30:00.000 GMT-0800,82.432,82.436,82.426,0.82434,83.37,CADJPY
04.02.2020 11:00:00.000 GMT-0800,82.456,82.459,82.452,0.82457,115.25,CADJPY
04.02.2020 11:30:00.000 GMT-0800,82.452,82.455,82.443,0.82447,91.68,CADJPY
04.02.2020 12:00:00.000 GMT-0800,82.423,82.449,82.417,0.8244,209.87,CADJPY
04.02.2020 12:30:00.000 GMT-0800,82.482,82.492,82.48,0.82482,53.72,CADJPY
04.02.2020 13:00:00.000 GMT-0800,82.434,82.435,82.428,0.8243,62.27,CADJPY
04.02.2020 13:30:00.000 GMT-0800,82.461,82.462,82.457,0.82461,69.61,CADJPY
04.02.2020 14:00:00.000 GMT-0800,82.501,82.507,82.493,0.82497,18.12,CADJPY
04.02.2020 14:30:00.000 GMT-0800,82.476,82.477,82.473,0.82475,57.84,CADJPY
04.02.2020 15:00:00.000 GMT-0800,82.458,82.465,82.448,0.82452,133.36,CADJPY
04.02.2020 15:30:00.000 GMT-0800,82.461,82.465,82.461,0.82465,49.75,CADJPY
04.02.2020 16:00:00.000 GMT-0800,82.398,82.401,82.39,0.8239,169.16,CADJPY
04.02.2020 16:30:00.000 GMT-0800,82.345,82.359,82.345,0.82356,118.79,CADJPY
04.02.2020 17:00:00.000 GMT-0800,82.369,82.374,82.356,0.82358,142.2,CADJPY
04.02.2020 17:30:00.000 GMT-0800,82.349,82.374,82.349,0.82369,156.58,CADJPY
04.02.2020 18:00:00.000 GMT-0800,82.423,82.423,82.403,0.82403,121.39,CADJPY
04.02.2020 18:30:00.000 GMT-0800,82.368,82.37,82.357,0.82357,67,CADJPY
04.02.2020 19:00:00.000 GMT-0800,82.351,82.352,82.339,0.82341,48,CADJPY
04.02.2020 19:30:00.000 GMT-0800,82.314,82.322,82.314,0.82321,50.1,CADJPY
04.02.2020 20:00:00.000 GMT-0800,82.35,82.351,82.345,0.82348,60.72,CADJPY
04.02.2020 20:30:00.000 GMT-0800,82.382,82.384,82.377,0.82379,90,CADJPY
04.02.2020 21:00:00.000 GMT-0800,82.382,82.385,82.379,0.82382,40.17,CADJPY
04.02.2020 21:30:00.000 GMT-0800,82.342,82.344,82.335,0.82337,40.31,CADJPY
04.02.2020 22:00:00.000 GMT-0800,82.331,82.336,82.324,0.82332,96,CADJPY
04.02.2020 22:30:00.000 GMT-0800,82.323,82.335,82.323,0.82334,21,CADJPY
04.02.2020 23:00:00.000 GMT-0800,82.308,82.309,82.296,0.82297,61.5,CADJPY
04.02.2020 23:30:00.000 GMT-0800,82.223,82.226,82.209,0.82222,132.25,CADJPY
05.02.2020 00:00:00.000 GMT-0800,82.24,82.24,82.213,0.82218,195.74,CADJPY
05.02.2020 00:30:00.000 GMT-0800,82.341,82.359,82.339,0.82357,173.78,CADJPY
05.02.2020 01:00:00.000 GMT-0800,82.53,82.53,82.505,0.82525,227.7,CADJPY
05.02.2020 01:30:00.000 GMT-0800,82.648,82.684,82.648,0.82668,208.91,CADJPY
05.02.2020 02:00:00.000 GMT-0800,82.683,82.683,82.647,0.82647,211.47,CADJPY
05.02.2020 02:30:00.000 GMT-0800,82.625,82.638,82.623,0.82627,79.56,CADJPY
05.02.2020 03:00:00.000 GMT-0800,82.622,82.625,82.621,0.82623,30.18,CADJPY
05.02.2020 03:30:00.000 GMT-0800,82.687,82.691,82.683,0.82686,51.11,CADJPY
05.02.2020 04:00:00.000 GMT-0800,82.51,82.517,82.473,0.8248,219.67,CADJPY
05.02.2020 04:30:00.000 GMT-0800,82.593,82.593,82.574,0.82574,72.66,CADJPY
05.02.2020 05:00:00.000 GMT-0800,82.604,82.613,82.586,0.8259,89.91,CADJPY
05.02.2020 05:30:00.000 GMT-0800,82.624,82.644,82.62,0.82627,112.58,CADJPY
05.02.2020 06:00:00.000 GMT-0800,82.63,82.632,82.612,0.82627,131.98,CADJPY
05.02.2020 06:30:00.000 GMT-0800,82.609,82.617,82.599,0.82612,222.77,CADJPY
05.02.2020 07:00:00.000 GMT-0800,82.579,82.608,82.573,0.82605,311.56,CADJPY
05.02.2020 07:30:00.000 GMT-0800,82.542,82.554,82.511,0.82517,389.19,CADJPY
05.02.2020 08:00:00.000 GMT-0800,82.569,82.571,82.54,0.82555,332.32,CADJPY
05.02.2020 08:30:00.000 GMT-0800,82.515,82.517,82.503,0.82511,133.99,CADJPY
05.02.2020 09:00:00.000 GMT-0800,82.554,82.566,82.55,0.82565,193.92,CADJPY
05.02.2020 09:30:00.000 GMT-0800,82.632,82.638,82.631,0.82633,202.05,CADJPY
05.02.2020 10:00:00.000 GMT-0800,82.67,82.671,82.653,0.82655,131.9,CADJPY
05.02.2020 10:30:00.000 GMT-0800,82.629,82.629,82.62,0.82622,70.25,CADJPY
05.02.2020 11:00:00.000 GMT-0800,82.641,82.642,82.633,0.82636,92.43,CADJPY
05.02.2020 11:30:00.000 GMT-0800,82.616,82.62,82.612,0.82618,133.5,CADJPY
05.02.2020 12:00:00.000 GMT-0800,82.626,82.629,82.617,0.82618,105.81,CADJPY
05.02.2020 12:30:00.000 GMT-0800,82.616,82.617,82.612,0.82616,111.58,CADJPY
05.02.2020 13:00:00.000 GMT-0800,82.641,82.641,82.631,0.82635,127.38,CADJPY
05.02.2020 13:30:00.000 GMT-0800,82.657,82.657,82.653,0.82653,52.22,CADJPY
05.02.2020 14:00:00.000 GMT-0800,82.702,82.702,82.688,0.82693,23.46,CADJPY
05.02.2020 14:30:00.000 GMT-0800,82.655,82.675,82.647,0.82664,144.89,CADJPY
05.02.2020 15:00:00.000 GMT-0800,82.664,82.693,82.664,0.8269,204.6,CADJPY
05.02.2020 15:30:00.000 GMT-0800,82.663,82.663,82.658,0.82659,23,CADJPY
05.02.2020 16:00:00.000 GMT-0800,82.663,82.663,82.644,0.8265,137.24,CADJPY
05.02.2020 16:30:00.000 GMT-0800,82.694,82.7,82.685,0.82696,71.56,CADJPY
05.02.2020 17:00:00.000 GMT-0800,82.677,82.691,82.676,0.82678,195.34,CADJPY
05.02.2020 17:30:00.000 GMT-0800,82.713,82.713,82.691,0.82691,107,CADJPY
05.02.2020 18:00:00.000 GMT-0800,82.689,82.693,82.686,0.8269,52.81,CADJPY
05.02.2020 18:30:00.000 GMT-0800,82.715,82.722,82.714,0.82715,52.58,CADJPY
05.02.2020 19:00:00.000 GMT-0800,82.705,82.71,82.704,0.82709,50,CADJPY
05.02.2020 19:30:00.000 GMT-0800,82.687,82.689,82.679,0.82686,48.22,CADJPY
05.02.2020 20:00:00.000 GMT-0800,82.714,82.715,82.708,0.82713,66.15,CADJPY
05.02.2020 20:30:00.000 GMT-0800,82.765,82.782,82.763,0.8278,77.35,CADJPY
05.02.2020 21:00:00.000 GMT-0800,82.785,82.789,82.776,0.82777,87.14,CADJPY
05.02.2020 21:30:00.000 GMT-0800,82.804,82.808,82.799,0.82802,117.06,CADJPY
05.02.2020 22:00:00.000 GMT-0800,82.758,82.764,82.751,0.82755,62.63,CADJPY
05.02.2020 22:30:00.000 GMT-0800,82.792,82.792,82.772,0.82774,52,CADJPY
05.02.2020 23:00:00.000 GMT-0800,82.734,82.734,82.7,0.82702,111.02,CADJPY
05.02.2020 23:30:00.000 GMT-0800,82.739,82.739,82.729,0.82738,120.32,CADJPY
06.02.2020 00:00:00.000 GMT-0800,82.779,82.78,82.748,0.82753,145.48,CADJPY
06.02.2020 00:30:00.000 GMT-0800,82.771,82.788,82.771,0.82784,95.68,CADJPY
06.02.2020 01:00:00.000 GMT-0800,82.811,82.815,82.799,0.82806,134.09,CADJPY
06.02.2020 01:30:00.000 GMT-0800,82.658,82.69,82.655,0.82689,186.68,CADJPY
06.02.2020 02:00:00.000 GMT-0800,82.697,82.697,82.676,0.8268,231.85,CADJPY
06.02.2020 02:30:00.000 GMT-0800,82.715,82.716,82.702,0.82706,60.93,CADJPY
06.02.2020 03:00:00.000 GMT-0800,82.655,82.658,82.651,0.82656,73.8,CADJPY
06.02.2020 03:30:00.000 GMT-0800,82.706,82.716,82.706,0.82712,103.39,CADJPY
06.02.2020 04:00:00.000 GMT-0800,82.801,82.814,82.792,0.82814,103.06,CADJPY
06.02.2020 04:30:00.000 GMT-0800,82.794,82.798,82.789,0.82792,83.76,CADJPY
06.02.2020 05:00:00.000 GMT-0800,82.741,82.743,82.722,0.82722,122.09,CADJPY
06.02.2020 05:30:00.000 GMT-0800,82.764,82.764,82.749,0.82762,90.85,CADJPY
06.02.2020 06:00:00.000 GMT-0800,82.732,82.739,82.718,0.82723,114.72,CADJPY
06.02.2020 06:30:00.000 GMT-0800,82.694,82.712,82.689,0.827,433.7,CADJPY
06.02.2020 07:00:00.000 GMT-0800,82.703,82.716,82.686,0.82696,262.16,CADJPY
06.02.2020 07:30:00.000 GMT-0800,82.622,82.627,82.605,0.82622,251.75,CADJPY
06.02.2020 08:00:00.000 GMT-0800,82.708,82.71,82.678,0.82688,203.35,CADJPY
06.02.2020 08:30:00.000 GMT-0800,82.725,82.734,82.723,0.82728,138.9,CADJPY
06.02.2020 09:00:00.000 GMT-0800,82.668,82.686,82.661,0.82686,195.32,CADJPY
06.02.2020 09:30:00.000 GMT-0800,82.74,82.74,82.727,0.82736,93.32,CADJPY
06.02.2020 10:00:00.000 GMT-0800,82.758,82.762,82.755,0.82758,152.11,CADJPY
06.02.2020 10:30:00.000 GMT-0800,82.724,82.735,82.721,0.82734,168.23,CADJPY
06.02.2020 11:00:00.000 GMT-0800,82.756,82.763,82.754,0.82762,105.15,CADJPY
06.02.2020 11:30:00.000 GMT-0800,82.787,82.793,82.787,0.82793,169.9,CADJPY
06.02.2020 12:00:00.000 GMT-0800,82.745,82.76,82.742,0.82753,156.86,CADJPY
06.02.2020 12:30:00.000 GMT-0800,82.76,82.77,82.76,0.82769,119.43,CADJPY
06.02.2020 13:00:00.000 GMT-0800,82.746,82.75,82.742,0.82743,85.77,CADJPY
06.02.2020 13:30:00.000 GMT-0800,82.775,82.775,82.77,0.8277,55.69,CADJPY
06.02.2020 14:00:00.000 GMT-0800,82.809,82.811,82.799,0.82799,39.45,CADJPY
06.02.2020 14:30:00.000 GMT-0800,82.801,82.804,82.798,0.82801,79.35,CADJPY
06.02.2020 15:00:00.000 GMT-0800,82.791,82.797,82.787,0.82788,128.27,CADJPY
06.02.2020 15:30:00.000 GMT-0800,82.786,82.787,82.778,0.82783,69.33,CADJPY
06.02.2020 16:00:00.000 GMT-0800,82.764,82.764,82.754,0.82758,92.4,CADJPY
06.02.2020 16:30:00.000 GMT-0800,82.735,82.737,82.728,0.82736,118.99,CADJPY
06.02.2020 17:00:00.000 GMT-0800,82.667,82.687,82.666,0.82679,144.9,CADJPY
06.02.2020 17:30:00.000 GMT-0800,82.689,82.698,82.687,0.82688,123.79,CADJPY
06.02.2020 18:00:00.000 GMT-0800,82.72,82.731,82.713,0.82723,170.03,CADJPY
06.02.2020 18:30:00.000 GMT-0800,82.728,82.73,82.726,0.82727,61.38,CADJPY
06.02.2020 19:00:00.000 GMT-0800,82.703,82.717,82.703,0.82711,99.73,CADJPY
06.02.2020 19:30:00.000 GMT-0800,82.725,82.73,82.723,0.82726,48.65,CADJPY
06.02.2020 20:00:00.000 GMT-0800,82.724,82.726,82.722,0.82725,53.35,CADJPY
06.02.2020 20:30:00.000 GMT-0800,82.712,82.712,82.695,0.82698,41.2,CADJPY
06.02.2020 21:00:00.000 GMT-0800,82.707,82.711,82.704,0.82704,154.99,CADJPY
06.02.2020 21:30:00.000 GMT-0800,82.683,82.69,82.683,0.82687,82.72,CADJPY
06.02.2020 22:00:00.000 GMT-0800,82.667,82.674,82.665,0.82667,127.31,CADJPY
06.02.2020 22:30:00.000 GMT-0800,82.754,82.754,82.736,0.82738,126.27,CADJPY
06.02.2020 23:00:00.000 GMT-0800,82.742,82.762,82.729,0.82729,201.64,CADJPY
06.02.2020 23:30:00.000 GMT-0800,82.659,82.659,82.634,0.82641,228.69,CADJPY
07.02.2020 00:00:00.000 GMT-0800,82.65,82.655,82.632,0.82636,218.41,CADJPY
07.02.2020 00:30:00.000 GMT-0800,82.586,82.599,82.585,0.82598,171.06,CADJPY
07.02.2020 01:00:00.000 GMT-0800,82.615,82.625,82.606,0.82607,154.69,CADJPY
07.02.2020 01:30:00.000 GMT-0800,82.555,82.567,82.547,0.82567,133.98,CADJPY
07.02.2020 02:00:00.000 GMT-0800,82.486,82.486,82.477,0.82477,65.87,CADJPY
07.02.2020 02:30:00.000 GMT-0800,82.458,82.466,82.455,0.82466,97.75,CADJPY
07.02.2020 03:00:00.000 GMT-0800,82.471,82.472,82.444,0.82445,78.67,CADJPY
07.02.2020 03:30:00.000 GMT-0800,82.548,82.553,82.544,0.82553,56.3,CADJPY
07.02.2020 04:00:00.000 GMT-0800,82.544,82.55,82.543,0.82549,60.47,CADJPY
07.02.2020 04:30:00.000 GMT-0800,82.483,82.497,82.482,0.82494,115.51,CADJPY
07.02.2020 05:00:00.000 GMT-0800,82.527,82.527,82.508,0.82512,41.33,CADJPY
07.02.2020 05:30:00.000 GMT-0800,82.584,82.771,82.584,0.82753,636.67,CADJPY
07.02.2020 06:00:00.000 GMT-0800,82.469,82.493,82.465,0.82492,193.56,CADJPY
07.02.2020 06:30:00.000 GMT-0800,82.452,82.452,82.367,0.82374,289.53,CADJPY
07.02.2020 07:00:00.000 GMT-0800,82.304,82.312,82.284,0.82286,166.18,CADJPY
07.02.2020 07:30:00.000 GMT-0800,82.386,82.415,82.385,0.82412,205.64,CADJPY
07.02.2020 08:00:00.000 GMT-0800,82.509,82.511,82.479,0.82484,224.02,CADJPY
07.02.2020 08:30:00.000 GMT-0800,82.523,82.526,82.516,0.8252,107.08,CADJPY
07.02.2020 09:00:00.000 GMT-0800,82.537,82.538,82.516,0.82529,112.64,CADJPY
07.02.2020 09:30:00.000 GMT-0800,82.53,82.532,82.527,0.82529,50.31,CADJPY
07.02.2020 10:00:00.000 GMT-0800,82.542,82.542,82.528,0.82531,111.71,CADJPY
07.02.2020 10:30:00.000 GMT-0800,82.568,82.576,82.568,0.82575,57.21,CADJPY
07.02.2020 11:00:00.000 GMT-0800,82.508,82.508,82.491,0.82491,66.41,CADJPY
07.02.2020 11:30:00.000 GMT-0800,82.502,82.511,82.5,0.82508,95.16,CADJPY
07.02.2020 12:00:00.000 GMT-0800,82.516,82.534,82.515,0.82533,60.48,CADJPY
07.02.2020 12:30:00.000 GMT-0800,82.515,82.52,82.509,0.82519,90.97,CADJPY
07.02.2020 13:00:00.000 GMT-0800,82.525,82.532,82.512,0.82519,68.52,CADJPY
07.02.2020 13:30:00.000 GMT-0800,82.521,82.531,82.521,0.8253,40.24,CADJPY
